Date,Close,Target,Open,High,Low,Close,Volume,MA20,MA50,Daily_Return,Volatility,Price_Range
2022-03-15,151.8148956298828,1,147.71337523300835,152.28477002224423,147.2043670461277,151.8148956298828,92964300,159.38314208984374,163.99850341796875,2.967705119044761,2.040012862315584,5.080402976116545
2022-03-16,156.2198944091797,1,153.73353879751855,156.6212399212536,151.19823606106897,156.2198944091797,102300200,158.73707962036133,163.56410736083984,2.90155900777751,2.0848834298955636,5.423003860184622
2022-03-17,157.2281036376953,1,155.26055517399735,157.6000837703935,154.30125449850178,157.2281036376953,75615400,158.15317764282227,163.19504180908203,0.6453782550094767,2.09691843964383,3.2988292718917194
2022-03-18,160.5171661376953,1,157.1204422875064,161.0066074424884,156.3862803303168,160.5171661376953,123511700,157.9133514404297,162.98521911621094,2.0919049609471108,2.119437197987182,4.620327112171594
2022-03-21,161.88766479492188,1,160.05714354706222,162.83718243811654,159.5677020788822,161.88766479492188,95811400,157.8193801879883,162.8599008178711,0.8538019267365637,2.1212235237457846,3.269480359234336
2022-03-22,165.25498962402344,1,162.01487524148183,165.84231029999864,161.42755456550665,165.25498962402344,81532000,158.03962783813478,162.79860443115234,2.080037928379075,2.129755802533054,4.41475573449199
2022-03-23,166.6156463623047,1,164.44252537221885,168.99432437394225,164.1096938716203,166.6156463623047,98062700,158.53592224121093,162.76413055419923,0.8233680213692418,2.0328829770163273,4.884630502321954
2022-03-24,170.3941192626953,1,167.4476727675763,170.46263328488442,166.61563143205333,170.3941192626953,90131400,159.09046096801757,162.74871856689452,2.267777956563788,2.0579725497841057,3.847001852831085
2022-03-25,171.03038024902344,1,170.20812239603873,171.57855215101324,169.1019802060181,171.03038024902344,80546200,159.57353820800782,162.7372332763672,0.3734054843449241,2.0461125604337447,2.476571944995129
2022-03-28,171.89178466796875,1,168.53420969754978,172.019029244763,168.36780145361686,171.89178466796875,90371900,160.0864730834961,162.80828216552734,0.5036557936029196,2.0462365862628733,3.651227791146141
2022-03-29,175.1808624267578,0,172.95879441578631,175.22979461470234,172.61617948078282,175.1808624267578,100589400,160.8578338623047,162.9279064941406,1.91345838030732,2.04389431691164,2.6136151339195237
2022-03-30,174.01596069335938,0,174.77948791199498,175.8171010585222,172.96854916161706,174.01596069335938,92633200,161.4064971923828,163.08816986083986,-0.6649708862379144,2.0239339120060245,2.8485518969051498
2022-03-31,170.92269897460938,0,174.08448573079536,174.27047582290578,170.7171270473916,170.92269897460938,103049300,161.816650390625,163.25637176513672,-1.7775735664849468,2.07640207235707,3.5533487755141664
2022-04-01,170.62905883789062,1,170.35497284823808,171.18702920461877,168.3091113767006,170.62905883789062,78751300,162.36188888549805,163.45233123779298,-0.1717970395274215,2.020018342895427,2.877917827918168
2022-04-04,174.6718292236328,0,170.88355800105404,174.72077634534207,170.75629847192283,174.6718292236328,76468400,163.2986801147461,163.77020721435548,2.36933287523029,1.961117901987007,3.9644778734192414
2022-04-05,171.3632049560547,0,173.7516811601631,174.53479031608524,170.73672061862993,171.3632049560547,73401800,164.16107711791992,164.03735748291015,-1.8941945488771927,2.0016463911935056,3.798069697455304
2022-04-06,168.2013702392578,1,168.7201767337751,169.96336160580736,166.53727309062347,168.2013702392578,89058800,164.5956993103027,164.2772479248047,-1.8451071323086656,1.9431565952603853,3.426088515183892
2022-04-07,168.5048370361328,0,167.5455363451221,169.69907490999924,166.2632026288955,168.5048370361328,77594700,165.26231689453124,164.52496765136718,0.1804187423939174,1.811053590982053,3.435872281103741
2022-04-08,166.49813842773438,0,168.1524524173325,168.1524524173325,165.62693350816983,166.49813842773438,76575500,166.01409683227538,164.7417428588867,-1.1908848693572782,1.7308336898797982,2.5255189091626846
2022-04-11,162.24978637695312,1,165.1472853633742,165.46052001953282,162.0050657338506,162.24978637695312,72246700,166.75461959838867,164.65632019042968,-2.551591321620194,1.720956388262434,3.455454285682208
2022-04-12,164.11947631835938,1,164.47187468621496,166.28279871101802,163.12101178667447,164.11947631835938,79265200,167.3698486328125,164.52128112792968,1.1523527908150255,1.629025859774174,3.161786924343545
2022-04-13,166.8015899658203,0,163.8551587010773,167.42807423573976,163.24825626550123,166.8015899658203,70618900,167.89893341064453,164.44320831298828,1.6342445806116102,1.5494257639959992,4.179817970238531
2022-04-14,161.79953002929688,0,167.01697710019764,167.65325987659003,161.55480933143042,161.79953002929688,75329400,168.12750473022462,164.241044921875,-2.998808307251999,1.7168134460674676,6.098450545159608
2022-04-18,161.58416748046875,1,160.45844346214486,163.08185675186522,160.11584349387897,161.58416748046875,69023900,168.18085479736328,164.09205963134767,-0.1331045577135703,1.655870814296111,2.9660132579862477
2022-04-19,163.86497497558594,0,161.5352440651779,164.27611889634176,160.44868355818875,163.86497497558594,67723800,168.27972030639648,163.9943667602539,1.4115290691415483,1.6747759386567247,3.827435338153009
2022-04-20,163.69851684570312,0,165.19620588083708,165.31368193809578,162.59238977382873,163.69851684570312,67929800,168.20189666748047,163.9076370239258,-0.1015824949215704,1.606919578884597,2.721292164267055
2022-04-21,162.90567016601562,0,165.3430936610523,167.90776176039836,162.40644532626558,162.90567016601562,87227800,168.01639785766602,163.74298919677733,-0.4843334533292109,1.5967271060595731,5.501316434132775
2022-04-22,158.37344360351562,1,162.94483948037262,164.32505289369502,158.08957416008516,158.37344360351562,84882400,167.41536407470704,163.45930969238282,-2.782117134339923,1.601801525080666,6.2354787336098525
2022-04-25,159.44039916992188,0,157.71755627231695,159.72426854560663,155.113739965227,159.44039916992188,96046400,166.83586502075195,163.27841125488283,0.6736960074426035,1.6103522889085515,4.610528580379622
2022-04-26,153.4888153076172,0,158.82372320771267,158.91181906878418,153.4105028966986,153.4888153076172,95623200,165.91571655273438,163.04661224365233,-3.732795385165744,1.7650323075418224,5.5013161720855805
2022-04-27,153.2636260986328,1,152.61756012327783,156.4156137171025,152.09875364091826,153.2636260986328,88063200,164.81985473632812,162.80561096191406,-0.1467137579588828,1.671345353343327,4.316860076184241
2022-04-28,160.18434143066406,0,155.88704759214835,161.0457628626786,155.57379800357486,160.18434143066406,130216800,164.12827377319337,162.62647491455078,4.515562830007314,2.031895722829371,5.4719648591037355
2022-04-29,154.3208465576172,1,158.42236732431553,162.69029635210208,153.92929946524063,154.3208465576172,131747600,163.29818115234374,162.3347689819336,-3.660466947441865,2.140129123342811,8.760996886861449
2022-05-02,154.62429809570312,1,153.40069487713816,154.88858563658798,150.0333364297974,154.62429809570312,123055300,162.49794311523436,162.1209811401367,0.1966367764659971,2.1445735994873925,4.855249206790575
2022-05-03,156.11219787597656,1,154.81028218380573,157.31623426694395,153.0189401124905,156.11219787597656,88966500,161.56996154785156,161.96788330078124,0.9622677668373436,2.0682691667219504,4.2972941544534535
2022-05-04,162.51412963867188,0,156.29821776928353,162.96440737050813,155.89687222909777,162.51412963867188,108256500,161.12750778198242,162.0011651611328,4.100853008155925,2.284739428529142,7.06753514141036
2022-05-05,153.4593963623047,1,160.38988547136523,160.6150242386814,151.67782324411957,153.4593963623047,130525300,160.39040908813476,161.93655792236328,-5.5716590898890805,2.558129786493291,8.937200994561834
2022-05-06,154.1848907470703,0,152.93987884779835,156.302387766656,151.14588956385867,154.1848907470703,116124600,159.67441177368164,161.83418884277344,0.4727598322182835,2.562610453208352,5.156498202797337
2022-05-09,149.06759643554688,1,151.8811126841976,152.76341048572758,148.50882129057032,149.06759643554688,131577900,158.80288467407226,161.5881640625,-3.318933707919547,2.639685892697295,4.254589195157251
2022-05-10,151.4693603515625,0,152.4594939260044,153.65548649022554,149.92045170349726,151.4693603515625,115366700,158.26386337280277,161.38488952636715,1.6111911464635975,2.63502053600676,3.735034786728278
2022-05-11,143.61703491210938,0,150.47928231405317,152.39090538432075,142.94061098912724,143.61703491210938,142689800,157.23874130249024,161.06215728759764,-5.184101537913522,2.824093292643824,9.45029439519351
2022-05-12,139.75453186035156,1,139.96040581157675,143.3228989996902,136.06853101088905,139.75453186035156,182602000,155.8863883972168,160.59639404296874,-2.6894463140264557,2.8073407678628635,7.254367988801164
2022-05-13,144.21499633789062,0,141.74458368466105,145.18551933414366,140.29371306035543,144.21499633789062,113990900,155.00716171264648,160.22630126953126,3.1916421014497987,2.896972618161345,4.891806273788234
2022-05-16,142.67588806152344,1,142.68570084334092,144.61693408926746,141.34265112461745,142.67588806152344,86643800,154.0617477416992,159.8853332519531,-1.0672317827205124,2.897708374695041,3.2742829646500127
2022-05-17,146.3031005859375,0,145.9305738468132,146.8226694807634,143.7934664467187,146.3031005859375,78336300,153.1836540222168,159.69267517089844,2.5422743630304057,2.9491873037367724,3.0292030340447127
2022-05-18,138.0487823486328,0,143.96011558077154,144.46007380411618,137.14687404841018,138.0487823486328,109742900,151.9011672973633,159.37134552001953,-5.641929804800105,3.1601179384594604,7.313199755705995
2022-05-19,134.64710998535156,1,137.12732118856076,138.87229156176298,133.9118691553446,134.64710998535156,136095600,150.48823928833008,158.87410919189452,-2.464108922518826,3.1806293391509097,4.960422406418388
2022-05-20,134.88233947753906,1,136.3528207232791,137.93113785871375,130.00034593006458,134.88233947753906,137426100,149.31368408203124,158.46830627441406,0.1747007360299646,3.1571552240719916,7.930791928649171
2022-05-23,140.2937469482422,0,135.0784317492794,140.4407891232643,134.9411873997547,140.2937469482422,117726300,148.35635147094726,158.24493041992187,4.011946628197571,3.3205019786114427,5.499601723509585
2022-05-24,137.5978546142578,1,138.03899606760518,139.17617200488684,134.62748321427134,137.5978546142578,104132700,147.5618034362793,158.04810089111328,-1.921605483228672,3.254166309509771,4.5486887906155005
2022-05-25,137.7546844482422,1,135.70580258630076,138.99968110716551,135.61757730341805,137.7546844482422,92482700,146.78635635375977,157.76689666748047,0.1139769471145024,3.2561534065821367,3.3821038037474693
2022-05-26,140.9505157470703,1,134.68626677474316,141.49949297179575,134.4411865880973,140.9505157470703,90601500,145.82466506958008,157.4615090942383,2.3199438274121853,3.112669601984833,7.0583063836984365
2022-05-27,146.69522094726562,0,142.5288570634857,146.73442720207444,142.40141055796454,146.69522094726562,90978500,145.4433837890625,157.2508514404297,4.075689379174707,3.190862645065652,4.333016644109904
2022-05-31,145.9109649658203,0,146.13644955191023,147.69515625482543,143.95032308788612,145.9109649658203,103718400,145.00771713256836,156.9587274169922,-0.5346159038999931,3.1902166983343325,3.744833166939315
2022-06-01,145.78353881835938,1,146.95010821381516,148.75391017683245,144.773794451972,145.78353881835938,74286600,144.4912841796875,156.63664489746094,-0.0873314404375213,3.177993624641963,3.98011572486044
2022-06-02,148.23431396484375,0,144.920824891666,148.29313081917098,143.96991252402043,148.23431396484375,72348100,143.77729339599608,156.29623138427735,1.6811055393146646,3.0451874642341004,4.323218295150554
2022-06-03,142.51905822753906,1,144.0091352358549,145.05808578629097,141.6171647882395,142.51905822753906,88570300,143.23027648925782,155.81429962158202,-3.855555157532664,2.913550511332967,3.440920998051467
2022-06-06,143.26409912109375,1,144.13658414441952,145.64628674294468,142.04849579123675,143.26409912109375,71598400,142.684236907959,155.27169921875,0.5227657990590995,2.914295656706965,3.5977909517079354
2022-06-07,145.78353881835938,0,141.50933876771822,146.06782531945106,141.26425852389363,145.78353881835938,67808200,142.5200340270996,154.7667623901367,1.758598080553364,2.8605106621674787,4.80356679555743
2022-06-08,145.04830932617188,0,145.65610359122917,146.92071116560922,144.5581488005419,145.04830932617188,53950200,142.19898147583007,154.22989288330078,-0.5043295684456939,2.8339805204925264,2.3625623650673333
2022-06-09,139.83297729492188,0,144.18560463111925,145.0384790561678,139.72514139394366,139.83297729492188,69473000,142.0097785949707,153.52293518066406,-3.595582778922446,2.7056445560890756,5.313337662224143
2022-06-10,134.4314422607422,0,137.51944785790386,137.9899978151303,134.3628126010876,134.4314422607422,91437900,141.74362411499024,152.7312448120117,-3.862847762146482,2.7765778906793503,3.6271852140426977
2022-06-13,129.28472900390625,1,130.25523715092532,132.53938671229503,128.85338540144875,129.28472900390625,122207100,140.99711074829102,151.8984854125977,-3.828504083779305,2.774687985289428,3.686001310846279
2022-06-14,130.1473846435547,1,130.51011351307002,131.25515193955982,128.8925752102517,130.1473846435547,84784300,140.37068557739258,151.08885192871094,0.6672525411894448,2.7833857610212047,2.362576729308131
2022-06-15,132.7648162841797,0,131.6472513597461,134.63723228518424,129.55917858108418,132.7648162841797,91533000,139.6937713623047,150.25071166992188,2.0111288811477612,2.7560193119351184,5.078053704100057
2022-06-16,127.50050354003906,1,129.4807554755027,129.78465248887207,126.50057227144764,127.50050354003906,108123900,139.166357421875,149.37345764160156,-3.9651414369244464,2.6114110489788405,3.2840802174244317
2022-06-17,128.9710235595703,1,127.5103548974603,130.4611156124141,127.25546187351353,128.9710235595703,134520300,138.88255310058594,148.5888507080078,1.1533444799843195,2.583432778390501,3.2056537389005655
2022-06-21,133.1962127685547,0,130.79442925101708,134.36279718069025,130.69640612370614,133.1962127685547,81000500,138.79824676513672,147.88267822265624,3.2760763560450545,2.6966477816680876,3.6663910569841103
2022-06-22,132.6864471435547,1,132.13745484401576,135.04900927487205,131.2747825760473,132.6864471435547,73409200,138.41788177490236,147.20644439697264,-0.3827178073642301,2.5236112240804704,3.774226698824748
2022-06-23,135.54901123046875,1,134.12754853756152,135.86270622381755,132.9609639616573,135.54901123046875,72433800,138.3154396057129,146.67242889404298,2.1573899584612644,2.5459567609416114,2.9017422621602407
2022-06-24,138.8722686767578,0,137.14689423988725,139.1173489130396,137.01946268880786,138.8722686767578,89116800,138.37131881713867,146.16748474121093,2.4517017248017137,2.606532202065601,2.097886224231729
2022-06-27,138.8722686767578,0,139.89179587794544,140.6662578013618,138.19584483125837,138.8722686767578,70207900,138.26740646362305,145.60889831542968,0.0,2.5523289648435528,2.470412970103439
2022-06-28,134.73529052734375,1,139.33299738336785,140.59760460905184,134.61765682035212,134.73529052734375,67083400,137.66940994262694,145.0676135253906,-2.9789807488803888,2.438076594530873,5.979947788699718
2022-06-29,136.4900665283203,0,134.75490940956817,137.90173093297278,133.98044756827542,136.4900665283203,66242400,137.19836502075196,144.56573150634765,1.3023878110244969,2.467003506157698,3.9212833646973593
2022-06-30,134.0294647216797,1,134.5490335635321,135.64698810352084,131.1375212724895,134.0294647216797,98964500,136.61066131591798,143.96902130126952,-1.802769878590449,2.488799959827816,4.509466831031347
2022-07-01,136.19595336914062,1,133.36282702594735,136.3037892489926,132.99031531614665,136.19595336914062,71051600,136.0087432861328,143.41897003173827,1.6164271430612498,2.486007966102094,3.3134739328459375
2022-07-05,138.7742156982422,1,135.05880629688934,138.82323473193733,134.2353254229341,138.7742156982422,73353800,135.82150115966795,142.9363409423828,1.8930535491855192,2.395264342046272,4.587909309003237
2022-07-06,140.1074676513672,1,138.5683715462856,141.28384979355582,138.30368070277723,140.1074676513672,74064300,135.66366958618164,142.57102142333986,0.9607346338919908,2.403299424926877,2.9801690907785883
2022-07-07,143.46995544433594,1,140.4701612232241,143.66601661315485,140.46036340026106,143.46995544433594,66253700,135.54799041748046,142.25161254882812,2.399934742476195,2.4332656176930687,3.205653212893793
2022-07-08,144.14637756347656,0,142.40140757015126,144.64635079248632,142.1465295229667,144.14637756347656,64547800,135.5028938293457,142.0647637939453,0.4714730112278298,2.433492477380769,2.4998212695196287
2022-07-11,142.0190887451172,1,142.8033484830433,143.7542609845207,140.95054251842944,142.0190887451172,63141600,135.61219940185546,141.839873046875,-1.4757837514318362,2.3118990413163916,2.8037184660912544
2022-07-12,142.98956298828125,0,142.8915249451027,145.52858974645025,142.19550569745277,142.98956298828125,77588800,136.04010543823242,141.49597747802736,0.6833407056327401,2.1166785155475862,3.3330840489974776
2022-07-13,142.62686157226562,1,140.17605986446435,143.56796105129766,139.32317069836506,142.62686157226562,71185600,136.70721206665038,141.2620977783203,-0.2536558672085354,1.885276087568572,4.244790352932597
2022-07-14,145.54824829101562,1,141.244640047542,146.01879814456234,140.4309718883509,145.54824829101562,78140700,137.47725524902344,141.08057678222656,2.048272454813715,1.9164013704353693,5.587826256211429
2022-07-15,147.21478271484375,0,146.83245817528143,147.8912065060331,145.2835494113212,147.21478271484375,76259900,138.19975357055665,140.9026284790039,1.1450047962761944,1.891949091356503,2.6076570947118967
2022-07-18,144.17581176757812,1,147.77358792071823,148.58725611818477,143.8130828380742,144.17581176757812,81420900,139.03351898193358,140.53586212158203,-2.064310995963048,1.6910667038478453,4.774173280110574
2022-07-19,148.02845764160156,1,145.0090674390563,148.25392726287154,144.01894870347078,148.02845764160156,82982400,139.98639068603515,140.42724334716797,2.67218601150252,1.7489180946778873,4.2349785594007585
2022-07-20,150.0283203125,1,148.14610577429508,150.69494637561027,147.41086501912858,150.0283203125,64823400,140.82799606323243,140.34411193847657,1.350998789530311,1.6502147365175677,3.2840813564816926
2022-07-21,152.29286193847656,0,151.45958316742,152.50853373902038,148.94996398855773,152.29286193847656,65086600,141.8083168029785,140.40861724853517,1.509409437671283,1.6445509976681432,3.5585697504626523
2022-07-22,151.05764770507812,0,152.33206789895848,153.20455292364784,150.3910366563313,151.05764770507812,66675400,142.583748626709,140.40038299560547,-0.8110782197378597,1.6404582758768609,2.813516267316544
2022-07-25,149.94007873535156,0,150.97921649648936,151.9889458272938,149.28326552705713,149.94007873535156,53623900,143.13713912963868,140.52684387207032,-0.7398294536589689,1.6010955301462095,2.705680300236679
2022-07-26,148.61666870117188,1,149.26366918886245,150.07733740905363,147.8324089141252,148.61666870117188,55138700,143.62435913085938,140.7040866088867,-0.8826259432046513,1.6245865765217629,2.2449284949284163
2022-07-27,153.7045135498047,1,149.5773707705413,154.2338952339947,149.1656377708993,153.7045135498047,78620700,144.57282028198242,140.893876953125,3.423468506660643,1.5632723113747338,5.068257463095392
2022-07-28,154.2534942626953,1,153.8907653704556,154.53778073211737,151.37134852302864,154.2534942626953,81378700,145.46099166870118,141.12542907714842,0.3571662927860153,1.5574992226893534,3.166432209088726
2022-07-29,159.3119354248047,0,158.0669387195233,160.409904944982,156.36117506106663,159.3119354248047,101786900,146.72511520385743,141.3856057739258,3.2793041002330936,1.5551179176452437,4.048729883915371
2022-08-01,158.33163452148438,0,157.84147403635484,160.37070393464464,157.72384030664722,158.33163452148438,67829400,147.8318992614746,141.7912628173828,-0.6153342501968528,1.5793139750534204,2.646863627997419
2022-08-02,156.8611297607422,1,156.94937000342367,159.2139087149108,156.4886180191764,156.8611297607422,59907000,148.73624496459962,142.23554321289063,-0.9287498137604656,1.5993941565937897,2.7252906957343725
2022-08-03,162.8607177734375,0,157.67481177613547,163.311657015849,157.58658648416494,162.8607177734375,82507500,149.87390747070313,142.7951107788086,3.8247767447846304,1.7518459077645,5.725070531684054
2022-08-04,162.54701232910156,0,162.74307352499065,163.89986001020398,161.19416464799912,162.54701232910156,55474100,150.8277603149414,143.24017608642578,-0.1926219217407321,1.7205054304971623,2.705695362204864
2022-08-05,162.32119750976562,0,160.22039768650808,162.8120387299593,160.0142377831412,162.32119750976562,56697000,151.73650131225585,143.73464294433597,-0.1389227744640009,1.729046224571998,2.797800946818114
2022-08-08,161.84999084472656,1,163.32251461167718,164.7361398246356,161.19226535966965,161.84999084472656,60276900,152.72804641723633,144.21654907226562,-0.2902927481241102,1.6732138158534176,3.5438744649659384
2022-08-09,161.89910888671875,1,161.0156004495246,162.78263230320212,160.25970057725633,161.89910888671875,63135500,153.6735237121582,144.6355209350586,0.0303478806120693,1.6792756540686826,2.5229317259457957
2022-08-10,166.1399688720703,0,164.60853143111325,166.23812814464867,163.8428202002786,166.1399688720703,70170500,154.84917907714845,145.02441589355467,2.619446156630123,1.7215078110770563,2.3953079443700744
2022-08-11,165.4036865234375,1,166.94492022851418,167.85789272456063,165.10917878344554,165.4036865234375,57149200,155.84195098876953,145.41427032470702,-0.4431699088614627,1.7150205728625694,2.748713941115085
2022-08-12,168.94757080078125,1,166.70933581222894,169.01628078921996,166.29701596444957,168.94757080078125,68039400,156.9285903930664,145.87755096435546,2.142566681451563,1.7442702165664052,2.719264824770391
2022-08-15,170.01760864257812,0,168.3782005294128,170.21394216296972,168.21131628811554,170.01760864257812,54091700,158.2206802368164,146.31321685791016,0.6333549732174815,1.61861758782685,2.002625874854175
2022-08-16,169.8605499267578,1,169.61512926108554,170.52810192661653,168.51564947224608,169.8605499267578,56377100,159.31228485107422,146.86004669189452,-0.092377911367103,1.571270489188776,2.0124524543704467
2022-08-17,171.35272216796875,0,169.6053281206725,172.9234055360259,169.40899457207655,171.35272216796875,79542000,160.37850494384764,147.42181915283203,0.8784689804986145,1.5645330390074534,3.5144109639493593
2022-08-18,170.9600372314453,0,170.56737014082248,171.69629926083016,169.9489052427666,170.9600372314453,62290100,161.3118637084961,147.92534912109377,-0.2291676091019434,1.5642160100804117,1.7473940180635452
2022-08-19,168.37818908691406,0,169.8605242913159,170.5575254675204,168.1720291679761,168.37818908691406,70346300,162.1778907775879,148.39194671630858,-1.5102056517664164,1.6044969102784514,2.3854962995443145
2022-08-22,164.5005645751953,0,166.58172694573366,166.74861119438174,164.07843325743647,164.5005645751953,69026800,162.9059150695801,148.88529846191406,-2.3029256537004272,1.7058226985491949,2.670177936945265
2022-08-23,164.16676330566406,1,164.01951691966545,165.61966421752064,163.59738564765863,164.16676330566406,54147100,163.68341979980468,149.4800048828125,-0.2029180084538007,1.6839156496600411,2.02227856986201
2022-08-24,164.46127319335938,1,164.2551282502834,165.03065085876125,163.20472075222654,164.46127319335938,53841500,164.22125778198242,150.18353576660155,0.1793967803013663,1.5387000770488897,1.825930106534713
2022-08-25,166.91551208496094,0,165.68840868200775,167.0234977835924,165.26629230145085,166.91551208496094,51218200,164.8543586730957,150.9188983154297,1.4922898527704342,1.559772604205036,1.7572054821415577
2022-08-26,160.6228790283203,0,167.44558409670634,167.91678748247466,160.56398047750997,160.6228790283203,78961000,164.91990585327147,151.4760595703125,-3.769951023747653,1.6691057019371058,7.352807004964688
2022-08-29,158.4239501953125,0,158.19815240165843,159.91609703205498,156.89252766433086,158.4239501953125,73314000,164.92452163696288,152.09452850341796,-1.3690010080195991,1.6933490355935068,3.0235693677241215
2022-08-30,155.9991912841797,0,159.1602105704912,159.58232691391927,154.83098655063566,155.9991912841797,77906200,164.88142471313478,152.63509185791017,-1.5305507204835256,1.7162224334170566,4.751340363283617
2022-08-31,154.34014892578125,1,157.37354474862363,157.6386032608909,154.2616125155062,154.34014892578125,87991100,164.45539627075195,153.0579705810547,-1.0634942045155915,1.4714407015878057,3.3769907453847168
2022-09-01,155.0665740966797,0,153.77074600824525,155.51813965771387,151.83683028732435,155.0665740966797,74229900,164.08137435913085,153.5055731201172,0.4706650705953219,1.4804387682760538,3.681309370389528
2022-09-02,152.95594787597656,0,156.8237793213389,157.42260624530542,152.1313381712874,152.95594787597656,76957800,163.6131118774414,153.8537118530273,-1.3611097252894775,1.5017772620741467,5.2912680740180065
2022-09-06,151.6994171142578,1,153.60388383195894,154.21252227519972,150.87480729194033,151.6994171142578,73714800,163.10558319091797,154.11025482177735,-0.8214984635560585,1.5065483038728904,3.3377149832593886
2022-09-07,153.1031951904297,0,151.9840778426693,153.8001813128386,150.79623553618094,153.1031951904297,87449600,162.66578750610353,154.39487335205078,0.9253681410750448,1.530372726311381,3.0039457766576447
2022-09-08,151.63072204589844,1,151.80741774838046,153.4959132532277,149.88331299426738,151.63072204589844,84923800,161.94032516479493,154.73278198242187,-0.9617520670942126,1.3765580266078736,3.612600258960327
2022-09-09,154.4873809814453,1,152.62219009337275,154.92915012061422,151.91537744584716,154.4873809814453,68028800,161.3945098876953,155.09272827148436,1.8839578793815817,1.4719298755102468,3.0137726747670683
2022-09-12,160.43638610839844,0,156.66672837890903,161.25118449428555,156.38204700518378,160.43638610839844,104956000,160.96895065307618,155.62086669921874,3.8508032754258625,1.6604710424671965,4.8691374891017745
2022-09-13,151.02206420898438,1,156.97105902298662,157.59933535695706,150.56067213786503,151.02206420898438,122656600,160.0191734313965,155.91738891601562,-5.86794687151162,2.066249776723537,7.0386632190920295
2022-09-14,152.46514892578125,0,151.9546696901294,154.2223694761001,150.79629120920487,152.46514892578125,87965400,159.14940338134767,156.1912075805664,0.9555456180230236,2.09212606892449,3.426078266895246
2022-09-15,149.57896423339844,0,151.81719923234522,152.39640331677907,148.6071081028978,149.57896423339844,90481100,158.06071548461915,156.38063751220704,-1.893012739447608,2.08656066792967,3.7892952138812745
2022-09-16,147.93954467773438,1,148.44021232229758,148.5776472684102,145.65222273370736,147.93954467773438,162278800,156.9096908569336,156.470029296875,-1.0960228024483154,2.086224970083106,2.9254245347028416
2022-09-19,151.65029907226562,1,146.57500265714634,151.72883546494634,146.36885773323408,151.65029907226562,81474200,156.07329635620118,156.6201077270508,2.508291074313229,2.1947373816573212,5.359977731712263
2022-09-20,154.02598571777344,0,150.5900968013731,155.1843789131033,150.2759661753886,154.02598571777344,107689800,155.54956741333007,156.8602456665039,1.5665558591320128,2.1978689020635893,4.908412737714713
2022-09-21,150.9042510986328,0,154.4579373320565,155.83230196535132,150.78645397951445,150.9042510986328,101696800,154.8864418029785,157.01853942871094,-2.026758410013152,2.2309879628183933,5.045847985836872
2022-09-22,149.94223022460938,0,149.58882383167358,151.6405372059972,148.1457489754599,149.94223022460938,86652500,154.160489654541,157.16484680175782,-0.6375041571192397,2.2273661942404432,3.4947882305372957
2022-09-23,147.6744842529297,1,148.42057250414538,148.69544239271363,145.83874285871622,147.6744842529297,96029900,153.19843826293945,157.2073715209961,-1.5124131262304608,2.1914120072021888,2.856699533997414
2022-09-26,148.00828552246094,1,146.91861726875362,150.95333323742267,146.8989794231201,148.00828552246094,93339400,152.56770858764648,157.22324157714843,0.2260385544733179,2.0644717736011096,4.054353814302573
2022-09-27,148.98013305664062,0,149.9421927062511,151.88591989139582,147.20329010150107,148.98013305664062,84442700,152.09551773071288,157.3193280029297,0.6566169797515897,2.063483100333999,4.682629789894747
2022-09-28,147.09532165527344,0,144.93562286555536,147.8806707549768,142.1869085062377,147.09532165527344,146691400,151.65032424926758,157.30066528320313,-1.2651427829310613,2.0559003382339753,5.693762248739091
2022-09-29,139.87013244628906,0,143.42383363893248,144.03247205665744,138.1031007730531,139.87013244628906,128138200,150.92682342529298,157.0975015258789,-4.911909588747509,2.2994370172648995,5.929371283604354
2022-09-30,135.6685333251953,1,138.69211755301987,140.4787870882612,135.47219979960417,135.6685333251953,124925300,149.95692138671876,156.76501495361327,-3.003928749911766,2.3555527893057295,5.006587288657045
2022-10-03,139.84066772460938,1,135.67834355315813,140.44932105441077,135.16786446408517,139.84066772460938,114311700,149.3011573791504,156.5406753540039,3.07524102837724,2.4890985090880253,5.281456590325604
2022-10-04,143.423828125,1,142.3734205948832,143.54162523892447,141.61752082886468,143.423828125,87830100,148.8873779296875,156.41035034179689,2.562316426754352,2.5737543589416587,1.9241044100597833
2022-10-05,143.7183074951172,0,141.43100052371705,144.6803670999918,140.39040452379436,143.7183074951172,79471000,148.4181335449219,156.31238311767578,0.2053210920158532,2.561479784503103,4.289962576197439
2022-10-06,142.76609802246094,0,143.13914221609966,144.83744897574385,142.5599530580835,142.76609802246094,68402200,147.97490234375,156.09361480712892,-0.6625526623938338,2.5581864868663216,2.27749591766036
2022-10-07,137.52392578125,1,139.9290453992253,140.47880029356153,136.8956494527264,137.52392578125,85925600,147.12672958374023,155.7590234375,-3.6718606964982743,2.61311779555436,3.5831508408351453
2022-10-10,137.84786987304688,0,137.84786987304688,139.29094450363405,136.03176603772727,137.84786987304688,74899000,145.99730377197267,155.32974212646485,0.235554715266173,2.410030411193586,3.2591784659067855
2022-10-11,136.43429565429688,0,137.33744219366912,138.7608944906765,135.68822198593548,136.43429565429688,77033700,145.26791534423828,154.89179534912108,-1.0254596027141072,2.088218242982716,3.072672504741007
2022-10-12,135.8059844970703,1,136.58152223774053,137.78898779453905,135.62928879673916,135.8059844970703,70433700,144.43495712280273,154.47069244384767,-0.4605228870156019,2.0606013702387065,2.159698997799893
2022-10-13,140.37081909179688,0,132.51735724415704,140.95981974279604,131.90870376504793,140.37081909179688,113224000,143.97454986572265,154.02089447021484,3.361291191718463,2.2107217648292634,9.051115977748111
2022-10-14,135.84523010253906,1,141.66660017858484,141.87276009592642,135.65870802953629,135.84523010253906,88598000,143.36983413696288,153.48685882568358,-3.2240240660690755,2.3007387294392476,6.214052066390138
2022-10-17,139.80142211914062,1,138.48597103526853,140.282437004532,137.7006219624551,139.80142211914062,85250900,142.77739028930665,153.0364633178711,2.9122789321460507,2.3292154279927058,2.5818150420768973
2022-10-18,141.11685180664062,1,142.8249846575733,144.01281203046764,138.03436952113134,141.11685180664062,99136600,142.13193359375,152.62180053710938,0.9409272577921124,2.3057798123096993,5.978442509336304
2022-10-19,141.224853515625,0,139.09460416043055,142.2948839097448,138.9080820775627,141.224853515625,61758300,141.6479637145996,152.2083154296875,0.0765335306178505,2.2759957603472056,3.386801832182101
2022-10-20,140.7634735107422,1,140.40025572638473,143.21768011702426,140.0370229627389,140.7634735107422,64522000,141.18902587890625,151.70078552246093,-0.3266988730363684,2.2746749932878076,3.1806571542853703
2022-10-21,144.57240295410156,1,140.25299045906925,145.1417806685085,140.03701908535325,144.57240295410156,86548600,141.03392181396484,151.2841598510742,2.705907540047092,2.349753231774159,5.104761583155238
2022-10-24,146.71246337890625,1,144.49386606815804,147.47817461798252,143.3256613631015,146.71246337890625,75981900,140.9691307067871,150.8394577026367,1.480268973245269,2.374944279726866,4.152513254881029
2022-10-25,149.5495147705078,0,147.3407290522299,149.69677613929844,146.62410499116672,149.5495147705078,74732300,140.99759979248046,150.4300958251953,1.9337494076931083,2.4109065363226425,3.072671148131718
2022-10-26,146.6143035888672,0,148.19481318791426,149.20594507644813,145.32828678897533,146.6143035888672,88194300,140.97354888916016,149.9651708984375,-1.9627019092271047,2.435803129518571,3.877658287472798
2022-10-27,142.1476593017578,1,145.35776595535313,146.3198108162611,141.48993368404496,142.1476593017578,109180200,141.0874252319336,149.38106964111327,-3.046526960721818,2.26721913958513,4.829877132216154
2022-10-28,152.88722229003906,0,145.4853286094403,154.61497792060942,145.11229948354543,152.88722229003906,164762400,141.94835968017577,149.01961334228517,7.555216203372583,2.694296868450403,9.502678437063992
2022-10-31,150.53121948242188,0,150.35452378899333,151.41474288743174,149.13723186575905,150.53121948242188,97943200,142.4828872680664,148.6626739501953,-1.5410070065552397,2.671720523063725,2.2775110216726944
2022-11-01,147.89048767089844,0,152.23934967138234,152.60256746450293,146.39834080336652,147.89048767089844,80379300,142.70622024536132,148.33047241210937,-1.7542751733515385,2.662389960887798,6.204226661136403
2022-11-02,142.37342834472656,0,146.22162239502856,149.3826416112209,142.34397906464244,142.37342834472656,93604600,142.6389762878418,147.89460571289064,-3.7305031669440543,2.8026929551426165,7.0386625465784505
2022-11-03,136.33607482910156,0,139.45781809061094,140.18426855678922,136.20845130657773,136.33607482910156,97918500,142.31747512817384,147.33210174560546,-4.240505820374607,2.956494716058463,3.975817250211492
2022-11-04,136.07058715820312,1,139.71866273149064,140.28898493787645,132.1373429796548,136.07058715820312,140814800,142.24480819702148,146.71520324707032,-0.1947303171454972,2.840889145350536,8.15164195822166
2022-11-07,136.60159301757812,1,134.82180210827255,136.82775039724396,133.40583154940404,136.60159301757812,83374600,142.18249435424804,146.23477752685548,0.3902429396866136,2.8418183597942663,3.421918847839919
2022-11-08,137.171875,0,138.06669154902085,139.06965789658196,135.19542542837,137.171875,89908500,142.2193733215332,145.8097360229492,0.4174782810537847,2.8329177761469104,3.874232468211971
2022-11-09,132.61917114257812,1,136.18859544917655,136.23776400792798,132.34384521853534,132.61917114257812,74917800,142.0600326538086,145.34213562011718,-3.318977638398446,2.9312064931174224,3.893918789392643
2022-11-10,144.41891479492188,1,138.88288280173376,144.41891479492188,137.1719158689749,144.41891479492188,118854000,142.26243743896484,145.1437109375,8.897464484722128,3.482653176130933,7.246998925946968
2022-11-11,147.20167541503906,0,143.3864383750097,147.5064994693465,141.9606252113591,147.20167541503906,93979700,142.83025970458985,144.9864129638672,1.9268671448395611,3.4058427172738788,5.545874257987407
2022-11-14,145.8053436279297,1,146.4838305708861,147.77196548965426,144.9695233350431,145.8053436279297,73374100,143.1304557800293,144.84340087890624,-0.94858416738286,3.368508603987305,2.802442154611157
2022-11-15,147.53599548339844,0,149.67962155098414,151.02675299903876,146.0806992107757,147.53599548339844,89868300,143.4514129638672,144.76013244628905,1.1869605135221173,3.37156251120503,4.946053788263072
2022-11-16,146.30685424804688,1,146.64119143040293,147.36883205309908,144.83188757505272,146.30685424804688,64218300,143.70551300048828,144.6242056274414,-0.8331127812736927,3.3805088041704425,2.5369444780463652
2022-11-17,148.20465087890625,1,143.98623783804743,148.95196191687904,143.71091192910288,148.20465087890625,80389400,144.07757186889648,144.55568420410157,1.2971344648295746,3.3859348356967303,5.241049987776165
2022-11-18,148.76512145996094,0,149.76810292744864,150.15159363499748,147.4671586821555,148.76512145996094,74829600,144.28720779418944,144.44123901367186,0.3781734093571964,3.338961683214394,2.6844349528419684
2022-11-21,145.5398712158203,1,147.65399909356225,147.8604860232478,145.2547175972566,145.5398712158203,58724100,144.22857818603515,144.14330871582033,-2.1680150646122276,3.364586264504197,2.605768425991215
2022-11-22,147.67364501953125,1,145.65786938764137,147.9096450709946,144.47788413446048,147.67364501953125,51804100,144.13478469848633,144.07634033203124,1.4661094488305435,3.3521317358622422,3.4317609365341184
2022-11-23,148.54881286621094,0,146.9558387051269,149.29612388958984,146.84767388557262,148.54881286621094,58301400,144.23151016235352,143.99801361083985,0.5926364494923453,3.322400422124473,2.448450004017218
2022-11-25,145.63818359375,0,145.8348427804778,146.3953372169929,144.66470036386627,145.63818359375,35195900,144.40603637695312,143.91919799804688,-1.9593756532287896,3.2765012602503147,1.73063685312664
2022-11-28,141.81314086914062,0,142.7177853624681,144.19275214587688,140.98716307142482,141.81314086914062,69246000,143.8523323059082,143.796669921875,-2.626401009833468,2.829250120440909,3.205589074452064
2022-11-29,138.8140411376953,1,141.88196729880755,142.393293327039,138.00773375100172,138.8140411376953,83763800,143.26647338867187,143.5399447631836,-2.1148249824131327,2.8449562714347065,4.385559576037281
2022-11-30,145.55953979492188,1,139.04018245155586,146.23802684928043,138.2043770255708,145.55953979492188,111380900,143.14992599487306,143.37061584472656,4.859377770390982,3.052028935474426,8.033649823709624
2022-12-01,145.83486938476562,0,145.73654727553216,146.64119170281938,144.16324348642758,145.83486938476562,71250400,143.322998046875,143.26922821044923,0.1891525558762152,2.925539988963353,2.477948216391809
2022-12-02,145.3432159423828,0,143.5240993516398,145.53004745802463,143.2192602974079,145.3432159423828,65447400,143.77335510253906,143.17724792480467,-0.3371302380952845,2.7409075902091034,2.3107871606167123
2022-12-05,144.1829071044922,0,145.3038811249747,148.4013049961633,143.33725898348703,144.1829071044922,68826400,144.17897109985353,143.10741638183595,-0.7983233550787783,2.750585353510502,5.064046012676272
2022-12-06,140.5250244140625,0,144.61560310834815,144.8417605109046,139.5515408052742,140.5250244140625,64727200,144.37514266967773,142.95775115966796,-2.5369738784492335,2.8238268412356655,5.29021970563042
2022-12-07,138.587890625,1,139.817029693259,140.97732977170875,137.663575645007,138.587890625,69721100,144.44594345092773,142.74990631103515,-1.3784973865968997,2.8443087306688586,3.3137541267017525
2022-12-08,140.26930236816406,0,139.98414879173407,141.1247931057231,138.7451823842777,140.26930236816406,62128300,144.82845001220704,142.61338592529296,1.2132457861803614,2.737047861124873,2.3796107214454025
2022-12-09,139.7875213623047,1,139.9645101732408,143.14061609699272,138.5485396692002,139.7875213623047,76097000,144.59688034057618,142.61173370361328,-0.3434685977084628,1.8474415858843816,4.592076427792506
2022-12-12,142.07862854003906,1,140.31849324023466,142.08845624970894,138.70586361029962,142.07862854003906,70462700,144.34072799682616,142.73993560791016,1.638992633538594,1.831487912915616,3.3825926394093244
2022-12-13,143.04226684570312,0,147.00500937638787,147.4671667934874,141.83279839446703,143.04226684570312,93886200,144.20257415771485,142.80396759033204,0.6782429669867529,1.830800785913569,5.63436839902036
2022-12-14,140.82000732421875,0,142.9242927483946,144.2124280542218,138.80421630941913,140.82000732421875,82291200,143.86677474975585,142.7518911743164,-1.5535684455290966,1.833555053513361,5.4082117448026565
2022-12-15,134.2219696044922,0,138.75503452609877,139.43352160827794,133.7598121718234,134.2219696044922,98931900,143.2625305175781,142.5619644165039,-4.6854405457709465,2.086588790771513,5.673709436454544
2022-12-16,132.26516723632812,0,134.40879318099954,135.35276341025192,131.49818579850947,132.26516723632812,160156900,142.4655563354492,142.35194580078124,-1.457885302927764,2.0587489171055915,3.8545776117424566
2022-12-19,130.160888671875,0,132.85516655290323,132.94366095306307,129.12842399506934,130.160888671875,79592600,141.53534469604492,142.20468505859375,-1.5909544503831865,2.059250430561908,3.815236957993733
2022-12-20,130.09205627441406,1,129.19723960857664,131.0261987808424,127.72227301817315,130.09205627441406,77432800,140.7629539489746,142.04956878662108,-0.0528825503292806,2.031072368914071,3.303925762669252
2022-12-21,133.18946838378906,0,130.76068907847488,134.52677190815584,130.53453175568677,133.18946838378906,85928000,140.0387451171875,141.98467224121094,2.380938696857382,2.0881270969652874,3.9922401524690656
2022-12-22,130.0232696533203,0,132.10790014329945,132.3143871467837,128.12548574482568,130.0232696533203,77852100,139.11246795654296,141.86901794433595,-2.3772140311764445,2.112232593015687,4.18890140195802
2022-12-23,129.65939331054688,0,128.73507853958515,130.21004508793624,127.47644161865644,129.65939331054688,63814900,138.31352844238282,141.65478942871093,-0.2798547857961408,2.0904018342084543,2.7336034692797995
2022-12-27,127.8599090576172,0,129.1873847112601,129.2168828365293,126.5717742404217,127.8599090576172,69007800,137.61586685180663,141.4950830078125,-1.3878549073723767,2.0437473523504326,2.6451085961075904
2022-12-28,123.9365463256836,1,127.5059633321295,128.84326718347396,123.76938521978283,123.9365463256836,85438400,136.87199211120603,141.17778549194335,-3.068485470426574,2.093993316331706,5.073881963691122
2022-12-29,127.44696807861328,1,125.8540011982905,128.3024440403956,125.59834568207036,127.44696807861328,75703700,135.96636352539062,140.90438781738283,2.832434707116094,1.8539858545269317,2.704098358325254
2022-12-30,127.76161193847656,0,126.26698977683236,127.78128236285382,125.30334153820444,127.76161193847656,77034200,135.06270065307618,140.63512298583984,0.2468821852781966,1.8553985778610955,2.47794082464938
2023-01-03,122.98270416259766,1,128.10575347623433,128.71540148347327,122.09772277878758,122.98270416259766,112117500,133.9446750640869,140.27950759887696,-3.740488009951049,1.977905018690575,6.617678704685687
2023-01-04,124.25118255615234,0,124.77233620258212,126.51280092971427,122.9925456360047,124.25118255615234,89113600,132.9480888366699,139.87308319091798,1.0314282826938026,2.020481560871152,3.5202552937095675
2023-01-05,122.93353271484376,1,125.0083194371755,125.63763785036863,122.67787726715528,122.93353271484376,80962700,132.068514251709,139.3975045776367,-1.0604726765583106,1.977168768841849,2.9597605832133524
2023-01-06,127.4567642211914,1,123.90701849100518,128.11558077623516,122.80570749443298,127.4567642211914,87754700,131.51195793151857,138.95564956665038,3.679412286019401,2.190720862443469,5.309873281802183
2023-01-09,127.9779281616211,1,128.2925949020793,131.18353181246084,127.72227268810084,127.9779281616211,70790800,130.89738922119142,138.58292205810548,0.4088946895947076,2.1668991318543087,3.461259124359998
2023-01-10,128.54824829101562,1,128.0860909010472,129.06940194282927,125.98180587179893,128.54824829101562,63896200,130.33542556762694,138.31093383789062,0.4456394454786627,2.175820527235494,3.0875960710303474
2023-01-11,131.26222229003906,0,129.05959971999454,131.2818777117784,128.2827904454057,131.26222229003906,69458900,129.79460525512695,137.8784338378906,2.111249305303154,2.201474271772824,2.9990872663726975
2023-01-12,131.18353271484375,1,131.6456901154858,132.0193381171801,129.24640871746402,131.18353271484375,71379600,129.201668548584,137.49148010253907,-0.0599483795279964,2.189092717568676,2.7729293997160767
2023-01-13,132.51100158691406,1,129.8265664212103,132.6683349676498,129.46274610687885,132.51100158691406,57809700,128.78621826171874,137.18389038085937,1.0119173074534027,2.1936490305088285,3.205588860770945
2023-01-17,133.6713104248047,0,132.5798345273993,134.99877137842552,131.89151977321038,133.6713104248047,63646600,128.75868530273436,137.00984802246094,0.8756320788425809,1.9441975986957176,3.10725160521514
2023-01-18,132.9534912109375,1,134.53662257229425,136.29674271738915,132.7764874230637,132.9534912109375,69672800,128.79310150146483,136.94219635009765,-0.5370031995541646,1.9186546308635692,3.5202552943254375
2023-01-19,133.01251220703125,1,131.84236946093412,133.9761529962307,131.5375453850544,133.01251220703125,58280400,128.93568267822266,136.88103485107422,0.0443922123113837,1.8797877408611037,2.438607611176309
2023-01-20,135.56907653808594,1,133.02230476612493,135.71658218378784,131.97999755468973,135.56907653808594,80223600,129.20953369140625,136.86038452148438,1.9220480003230511,1.921351593631845,3.736584629098104
2023-01-23,138.75503540039062,1,135.81492969380113,140.92815961902411,135.59860004292767,138.75503540039062,81760300,129.48781204223633,136.8920477294922,2.3500631144371953,1.9195388391319193,5.329559576096443
2023-01-24,140.1513214111328,0,137.9683697007518,140.77081216801105,137.95854199183503,140.1513214111328,66435100,129.99421463012695,137.04269073486327,1.006295740340568,1.8251434380775249,2.812270176176014
2023-01-25,139.49249267578125,1,138.53867984910516,140.05297211797858,136.49339126221906,139.49249267578125,65799300,130.48586959838866,136.94416229248046,-0.4700838555912634,1.8293177397313616,3.5595808557595205
2023-01-26,141.55747985839844,1,140.78065564701856,141.8426334902846,139.53184628445516,141.55747985839844,54105100,131.17074813842774,136.83127838134766,1.480357217084638,1.795370867537767,2.310787205829456
2023-01-27,143.4945831298828,0,140.77082215722044,144.77289057415177,140.69215546789684,143.4945831298828,70555800,132.1486499786377,136.78506317138672,1.3684216993846476,1.590319058614413,4.080735106254934
2023-01-30,140.61349487304688,1,142.54079133466578,143.12094131391822,140.46600420175812,140.61349487304688,64015300,132.80697631835938,136.64661315917968,-2.007802799237479,1.6242424652676972,2.6549371121600984
2023-01-31,141.8819580078125,1,140.31849689379183,141.93112656571586,139.90550801485074,141.8819580078125,65874500,133.51299362182618,136.558115234375,0.9020920331372696,1.625362349888283,2.0256185508651186
2023-02-01,143.0029296875,1,141.56730384751015,144.16324461699494,138.961535368266,143.0029296875,77663600,134.51400489807128,136.45408081054688,0.7900734493851314,1.275788885900201,5.201709248728946
2023-02-02,148.302978515625,1,146.41500811186492,148.65695608667727,145.69719525256042,148.302978515625,118339000,135.71659469604492,136.44483795166016,3.706251920647397,1.4354410816731915,2.9597608341168495
2023-02-03,151.9215545654297,0,145.5595309829737,154.75349514117664,145.36287177724367,151.9215545654297,154357300,137.1659957885742,136.57247161865234,2.4399887891823013,1.3969173365614471,9.390623363932974
2023-02-06,149.19778442382812,1,150.02377712562708,150.54493079230497,148.26364190831887,149.19778442382812,69858300,138.25304679870607,136.6029544067383,-1.792879324723129,1.3955395410012332,2.281288883986093
2023-02-07,152.0690460205078,0,148.12597415973434,152.63936822302708,148.12597415973434,152.0690460205078,83322600,139.45760269165038,136.67335906982422,1.9244666452440384,1.4142203076002022,4.513394063292736
2023-02-08,149.38465881347656,0,151.31195566545233,152.00027061110777,148.64717529938704,149.38465881347656,64120100,140.49942321777343,136.74828857421875,-1.7652423535748585,1.531166765952397,3.353095311720722
2023-02-09,148.3521270751953,1,151.21356571138807,151.75438976697808,147.9096401221254,148.3521270751953,56007100,141.35391845703126,136.87906829833983,-0.6911899431189084,1.529713792773458,3.844749644852669
2023-02-10,148.7165069580078,1,147.1900598433605,149.0414968354293,146.95369947058745,148.7165069580078,57450700,142.23056716918944,137.0771176147461,0.2456182395199624,1.5240291965001405,2.0877973648418617
2023-02-13,151.5133819580078,0,148.6574172040706,151.9171435900277,148.62787403653363,151.5133819580078,62199000,143.18068618774413,137.19619445800782,1.88067555996978,1.5473841136465931,3.28926955349408
2023-02-14,150.873291015625,1,149.80969157828838,151.43464142437824,148.56883308158638,150.873291015625,61707600,144.04078521728516,137.296962890625,-0.4224649559734672,1.5660178735597947,2.8658083427918655
2023-02-15,152.97093200683594,0,150.7846469892343,153.13834833360136,150.55814431502776,152.97093200683594,65573800,145.0416572570801,137.44951721191407,1.3903328926481162,1.550379389411406,2.580204018573596
2023-02-16,151.37550354003906,0,151.17852906062296,153.95570692832584,151.02097051495025,151.37550354003906,68167900,145.95980682373047,137.593369140625,-1.0429618528607687,1.5935990495141772,2.934736413375589
2023-02-17,150.23312377929688,0,150.03616431892533,150.6762863218937,148.55894582557343,150.23312377929688,59144100,146.69300918579103,137.7875311279297,-0.7546662002944404,1.5944911670998128,2.1173404963202813
2023-02-21,146.2249298095703,1,147.91880821074704,149.0021077790729,146.15600076088242,146.2249298095703,58867200,147.06650390625,137.9402719116211,-2.667982844858418,1.684755562043584,2.84610701819048
2023-02-22,146.64840698242188,1,146.60900607426132,147.67260518894304,144.92498541296462,146.64840698242188,51011300,147.39135818481446,138.06785400390626,0.2896066856746371,1.6760031673469409,2.7476197759784213
2023-02-23,147.13095092773438,0,147.810473815914,148.0566768897737,145.0037677901394,147.13095092773438,48394200,147.7732810974121,138.21472259521485,0.3290482012329843,1.6676853951483384,3.05290909963432
2023-02-24,144.48179626464844,1,144.8757151114499,144.95450188621834,143.50682683230983,144.48179626464844,55469600,147.91949691772462,138.26278594970702,-1.8005420656780124,1.704367017551422,1.4476750539085117
2023-02-27,145.67347717285156,0,145.46667494315656,146.90449291595675,145.2106140512802,145.67347717285156,44998500,148.02844161987304,138.31541015625,0.824796575770903,1.687595199787596,1.6938788646765488
2023-02-28,145.17123413085938,0,144.81670098117985,146.81586942805245,144.60004099931746,145.17123413085938,50547000,148.25632858276367,138.40243469238283,-0.3447731541385779,1.618402883048206,2.2158284287349943
2023-03-01,143.10311889648438,1,144.6000382811085,144.9939573168816,142.80767210613058,143.10311889648438,55479000,148.3173866271973,138.58005767822266,-1.4246040179769826,1.6465405840600909,2.1862852107510093
2023-03-02,143.6939697265625,1,142.18720807379,144.48182259076123,141.71448733904464,143.6939697265625,52238100,148.3519386291504,138.80863372802733,0.4128846629160687,1.6398325984305588,2.767335251716588
2023-03-03,148.7362060546875,1,145.79161175732688,148.8149928448926,145.0924034132026,148.7362060546875,70732300,148.37360000610352,139.1801400756836,3.5090103904290126,1.6170375385735805,3.722589431690011
2023-03-06,151.4936981201172,0,151.4542972077173,153.92618602775224,151.1293223291666,151.4936981201172,87558000,148.3522071838379,139.60817291259767,1.8539480995069857,1.5757938423893283,2.796863698585639
2023-03-07,149.29754638671875,1,151.3656431408717,151.69063299374776,148.83468341689917,149.29754638671875,56182000,148.35719528198243,139.93033447265626,-1.44966540565743,1.5570253772619749,2.8559495768485874
2023-03-08,150.5482940673828,0,150.4892077170001,151.1391876253047,149.52409559763862,150.5482940673828,47204800,148.28115768432616,140.3408349609375,0.8377550140203249,1.5049680134603636,1.6150920276660656
2023-03-09,148.3029022216797,0,151.2277963802791,152.1929083670859,147.9483691410299,148.3029022216797,53833600,148.22706985473633,140.71370513916017,-1.4914761137699295,1.489612412980052,4.244539226055991
2023-03-10,146.24464416503906,1,147.92868001277867,148.64758887079853,145.36816171354923,146.24464416503906,68572400,148.1216957092285,141.08139984130858,-1.387874428488245,1.513937822633618,3.2794271572493017
2023-03-13,148.18467712402344,1,145.56507334505991,150.8141236142017,145.45674341353768,148.18467712402344,84457100,148.0951042175293,141.5663624572754,1.3265668428821489,1.544435357679982,5.357380200664011
2023-03-14,150.27252197265625,1,148.98242012042218,151.07021762009597,147.82034869008896,150.27252197265625,73695900,148.0330612182617,142.02287353515624,1.4089478677241196,1.5174624432822437,3.249868930007011
2023-03-15,150.6664276123047,1,148.89376260307495,150.9224733808993,147.6430468705848,150.6664276123047,77167900,148.0227180480957,142.4809698486328,0.2621275230345166,1.51586888583356,3.2794265103144937
2023-03-16,153.48304748535156,0,149.84908663995225,154.0837837636838,149.33697988783769,153.48304748535156,76161100,148.04832382202147,143.0909767150879,1.869440934973654,1.542481970123876,4.746803875846126
2023-03-17,152.64590454101562,1,153.7095036146111,154.3594833307599,151.936838491952,152.64590454101562,98944600,148.11184387207032,143.65887115478515,-0.5454302335349714,1.5282475094745522,2.422644838807912
2023-03-20,155.00946044921875,1,152.71486085947325,155.4230948668754,151.80882025865256,155.00946044921875,73641400,148.3506607055664,144.30038970947265,1.5483913016271167,1.550799436952942,3.6142746082228423
2023-03-21,156.8609161376953,0,154.93069227015488,156.9790888157361,154.1625247817563,156.8609161376953,73938300,148.88246002197266,144.88847274780272,1.1944146396684507,1.4134570100225436,2.8165640339798017
2023-03-22,155.43296813964844,1,156.880643804934,159.6775078686916,155.41326768087632,155.43296813964844,75701800,149.321688079834,145.4375735473633,-0.9103274628291746,1.4418344831701448,4.26424018781529
2023-03-23,156.51625061035156,1,156.41777837205046,159.09646969740976,155.28523492873595,156.51625061035156,67622100,149.79095306396485,145.99693359375,0.6969451099523738,1.4445536223260496,3.8112347686738137
2023-03-24,157.81619262695312,0,156.44730394409444,157.9048221395663,155.45264879499626,157.81619262695312,59196500,150.4576728820801,146.52801300048827,0.8305476342119755,1.358565164427191,2.452173344570042
2023-03-27,155.87612915039062,0,157.51092158923748,158.3283178086609,155.4723523985585,155.87612915039062,52390300,150.96780548095705,147.0218649291992,-1.229318388860412,1.4056539471075888,2.8559654101023852
2023-03-28,155.2556610107422,1,155.57080817581272,156.08291480553032,153.61102618902072,155.2556610107422,45992200,151.47202682495117,147.4767581176758,-0.3980520577655633,1.4070864724089465,2.4718886165096023
2023-03-29,158.3282928466797,1,156.94954647836764,158.60403911493316,156.92986104995282,158.3282928466797,51305700,152.23328552246093,147.9698977661133,1.979078776216037,1.3873976514689927,1.6741780649803388
2023-03-30,159.89414978027344,1,159.07675364456475,160.00247975071784,158.82070781762587,159.89414978027344,49501700,153.04329452514648,148.5087109375,0.988993758121337,1.3911220007113891,1.1817719330919658
2023-03-31,162.3955535888672,1,159.9729235769942,162.4940408365555,159.45097422374334,162.3955535888672,68749800,153.72626190185548,149.09637176513672,1.5644123390575526,1.2318748379130031,3.0430666128121686
2023-04-03,163.6462860107422,0,161.77514833228696,163.76445869825218,161.7259047034759,163.6462860107422,56976200,154.33389129638672,149.65791595458984,0.7701765191437726,1.1898701899850737,2.0385539947762936
2023-04-04,163.11448669433594,0,164.06975594835677,164.30610131295074,162.60238002597387,163.11448669433594,46278300,155.02473831176758,150.14510498046874,-0.32496876609307,1.1228771928456156,1.7037212869768723
2023-04-05,161.2728729248047,1,162.2379998945446,162.54328933366952,159.34264903941414,161.2728729248047,51511700,155.56096725463868,150.56753601074217,-1.1290313980402589,1.1721300132191357,3.200640294255379
2023-04-06,162.1592254638672,0,159.96308282888376,162.45467221127325,159.53962067833683,162.1592254638672,45390100,156.25378341674804,151.0208706665039,0.5495980340573192,1.0891711681114709,2.915051532936417
2023-04-10,159.5691375732422,0,158.96840146235982,159.5691375732422,157.6487565719111,159.5691375732422,47716900,156.9200080871582,151.38110382080075,-1.597249791503308,1.1086310572083675,1.9203810013310945
2023-04-11,158.3578338623047,0,159.88429605818737,159.8941387722609,158.0722298566841,158.3578338623047,47644200,157.42866592407228,151.67836883544922,-0.7591090165424474,1.1191650831788635,1.8219089155768131
2023-04-12,157.66845703125,1,158.77144201112134,159.59868074602483,157.35330987869057,157.66845703125,50133100,157.79846267700196,152.01946807861327,-0.4353285304812382,1.1021721916536045,2.245370867334259
2023-04-13,163.0455322265625,0,159.17522685740187,163.28189260314673,158.96840964951016,163.0455322265625,68445600,158.41741790771485,152.4427395629883,3.4103683745993374,1.309813392581031,4.313482953636566
2023-04-14,162.70086669921875,1,162.09027277975596,163.794009087704,161.33197803499354,162.70086669921875,49386500,158.8783088684082,152.83669830322265,-0.2113921937246465,1.2692717901723225,2.462031052710472
2023-04-17,162.7205352783203,1,162.58266215472722,162.8781088558677,161.53876350080176,162.7205352783203,41516200,159.38204040527344,153.12504943847657,0.0120887979889738,1.2557860156603182,1.3393453550659444
2023-04-18,163.94171142578125,1,163.57733566867122,164.86743742961687,163.13415809407996,163.94171142578125,49923000,159.82865295410156,153.3654525756836,0.7504745147084213,1.2273096186371233,1.7332793355369065
2023-04-19,165.08413696289062,0,163.2819281451353,165.60608642613127,163.02586725800396,165.08413696289062,47720200,160.23981399536132,153.68317962646483,0.6968486098954507,1.2129194467712168,2.5802191681273143
2023-04-20,164.11898803710938,0,163.56749547193866,165.32046042282218,163.04554607797024,164.11898803710938,52456400,160.6741149902344,153.9241784667969,-0.5846406223743994,1.198441150296733,2.274914344851936
2023-04-21,162.5137481689453,1,162.5432913390932,163.9220227028112,161.991798793606,162.5137481689453,58337300,160.97398986816407,154.18676025390624,-0.978095153621772,1.2259123074764309,1.9302239092052105
2023-04-24,162.8190460205078,0,162.49405610505224,163.0849495926161,161.40091367199096,162.8190460205078,41949600,161.2241325378418,154.4760986328125,0.1878597072569654,1.2167727736374,1.6840359206251492
2023-04-25,161.2827606201172,0,162.68119268208375,163.78417796430023,161.2433597017252,161.2827606201172,48714100,161.4944641113281,154.72742370605468,-0.9435538642064812,1.2011383639642137,2.540818262575016
2023-04-26,161.2728729248047,1,160.58350725145092,162.76979197769046,160.32746143764658,161.2728729248047,45498800,161.79532470703126,154.92261352539063,-0.0061306585244946,1.1944338803435326,2.4423305400438835
2023-04-27,165.85226440429688,1,162.6811671878293,165.9999802574992,162.6811671878293,165.85226440429688,64902300,162.1715232849121,155.22219299316407,2.839529919968231,1.2747936887978044,3.3188130696699147
2023-04-28,167.10296630859375,0,165.93105213681218,167.27039764589344,165.33031595199537,167.10296630859375,55275900,162.53196411132814,155.5048336791992,0.7541060164533153,1.2685975419199027,1.9400816938980656
2023-05-01,167.0143280029297,0,166.709038569301,167.86126725124362,166.07875924686118,167.0143280029297,52472900,162.76290283203124,155.81761016845704,-0.0530441246030188,1.2299036932006884,1.7825080043824355
2023-05-02,165.98025512695312,0,167.50671716698386,167.76277797719564,164.99544284655173,165.98025512695312,48425700,162.8796012878418,156.13255279541016,-0.6191521939114208,1.232112202426901,2.7673351306439145
2023-05-03,164.90682983398438,0,166.9256982160475,168.32412999077732,164.62124085601573,164.90682983398438,65136000,162.9692184448242,156.50619079589845,-0.6467186667159397,1.239727045908622,3.702889134761591
2023-05-04,163.2720489501953,1,162.3857237588548,164.50306450874902,161.81453073644045,163.2720489501953,81235400,163.06917724609374,156.8386636352539,-0.9913360686363504,1.2331301275830904,2.688533772308574
2023-05-05,170.93389892578125,0,168.38322333782398,171.65280778469676,168.1665634032941,170.93389892578125,113453200,163.50791091918944,157.31472259521485,4.6926893028231165,1.608904120388086,3.486244381402656
2023-05-08,170.86497497558594,0,169.86046198141287,171.20966537396347,169.49608615179136,170.86497497558594,55962800,164.07270278930665,157.84238616943358,-0.0403219903298612,1.5500925019285037,1.713579222172115
2023-05-09,169.16122436523438,1,170.42178299192224,170.90433143409618,168.9938080662103,169.16122436523438,45326900,164.6128723144531,158.31214111328126,-0.997132742152107,1.55996876044222,1.9105233678858724
2023-05-10,170.9240264892578,1,170.39223444016065,171.38688948895523,169.28923440637098,170.9240264892578,53724500,165.27565078735353,158.8271969604492,1.0420840417999069,1.5562051429092347,2.0976550825842537
2023-05-11,171.1111602783203,0,171.20964753246403,171.93839911576495,169.5551548305296,171.1111602783203,49514700,165.6789321899414,159.38735778808595,0.1094836067849547,1.3878197130342929,2.3832442852353495
2023-05-12,170.18417358398438,0,171.21964497087455,171.65356424240227,168.63587209674515,170.18417358398438,45533100,166.0530975341797,159.91716186523436,-0.5417453150502571,1.39555308028265,3.017692145657122
2023-05-15,169.6910858154297,0,170.76601261404946,170.815324358024,169.09937498339835,169.6910858154297,37266700,166.40162506103516,160.3362594604492,-0.2897377342267138,1.3997067486622834,1.7159493746256371
2023-05-16,169.6910858154297,1,169.61219003463674,170.74628490689332,169.42481443623242,169.6910858154297,42110300,166.68909378051757,160.70020721435546,0.0,1.394761740955104,1.3214704706608984
2023-05-17,170.3025360107422,1,169.33608887819193,170.53920834240043,168.06391490419327,170.3025360107422,57951600,166.95001373291015,161.12030700683593,0.3603313588184331,1.3902406763173716,2.47529343820716
2023-05-18,172.6298828125,1,170.60822168470452,172.8172584115987,170.1940301198803,172.6298828125,65496700,167.37555847167968,161.5619387817383,1.366595504843815,1.403289299245641,2.623228291718391
2023-05-19,172.7383575439453,0,173.95134816577144,173.95134816577144,172.5213979143073,172.7383575439453,55809500,167.88678894042968,162.0506478881836,0.062836589863835,1.3738584725387248,1.429950251464135
2023-05-22,171.79164123535156,0,171.5746815829952,172.2945999966471,171.05201016081833,171.79164123535156,43570900,168.33541870117188,162.56158782958985,-0.5480637433714741,1.3872143073884071,1.2425898358287668
2023-05-23,169.18809509277344,1,170.73639628329747,170.98293990870613,168.91196743614205,169.18809509277344,50747300,168.73068542480468,162.98165618896485,-1.5155255074438156,1.4192392077841385,2.0709724725640797
2023-05-24,169.4642333984375,1,168.7246024757336,170.03621645106807,168.16249079935005,169.4642333984375,45143500,169.14025344848633,163.36549041748046,0.1632137920299037,1.4181421055936718,1.8737256517180183
2023-05-25,170.59835815429688,1,170.02637505144455,171.49576564962197,169.31632809947834,170.59835815429688,56058300,169.37755813598633,163.76412902832033,0.6692413691760324,1.287145850084864,2.179437550143632
2023-05-26,173.00460815429688,1,170.92379413047703,173.33991896491864,170.71669083708804,173.00460815429688,54835000,169.6726402282715,164.15456024169922,1.410476645867642,1.3115261788275108,2.6232281278306004
2023-05-30,174.8487548828125,0,174.51345913931758,176.51539231960112,174.12885165758402,174.8487548828125,55964400,170.06436157226562,164.59861724853516,1.0659523744424693,1.324785737434463,2.3865406620170972
2023-05-31,174.7994384765625,1,174.87833424607143,176.87041104464083,174.3162075312564,174.7994384765625,99625300,170.50532073974608,164.99441680908205,-0.0282051801187011,1.311190413883189,2.5542035133844365
2023-06-01,177.60018920898438,1,175.24323239604442,177.62977324467488,174.4838737017158,177.60018920898438,68901800,171.1399887084961,165.40920227050782,1.602265291485705,1.3250504425747087,3.1458995429590857
2023-06-02,178.44830322265625,0,178.52719900186148,179.26683000310032,176.7816656255451,178.44830322265625,61996900,171.8988014221191,165.86950897216798,0.4775411656087192,1.285168425827445,2.485164377555236
2023-06-05,177.09722900390625,0,180.10506441660397,182.39298156722955,175.57851175717974,177.09722900390625,121946500,172.20696792602538,166.28112854003905,-0.757123600701437,0.8393916628084283,6.814469810049815
2023-06-06,176.73236083984375,0,177.4818481362361,177.62976831057978,174.97695616659206,176.73236083984375,64848400,172.50033721923828,166.65945190429687,-0.2060270316564083,0.8424991858660196,2.652812143987717
2023-06-07,175.36158752441406,1,175.9730110061888,178.70471906299082,174.86850018805862,175.36158752441406,61944600,172.81035537719723,167.04916107177735,-0.7756210062015101,0.8276412393209581,3.8362188749322
2023-06-08,178.07351684570312,1,175.44041798201303,178.33977309659826,175.0065138905379,178.07351684570312,50214900,173.16782989501954,167.50551818847657,1.546478541608498,0.8621495753968832,3.333259206060376
2023-06-09,178.45819091796875,1,178.9907186665087,179.71062202681557,178.1327514419261,178.45819091796875,48900000,173.53518142700196,167.90811614990236,0.2160198097277632,0.8618338923375831,1.5778705848894674
2023-06-12,181.24900817871097,0,178.76385922591572,181.3476316497168,178.46800386072707,181.24900817871097,54274900,174.0884231567383,168.33521331787108,1.5638493511486162,0.892715911129114,2.8796277889897226
2023-06-13,180.7756500244141,1,180.272706433175,181.60403301510047,179.91768300176238,180.7756500244141,54929100,174.6426513671875,168.70281524658202,-0.2611645487351599,0.8917123640170577,1.686350013338085
2023-06-14,181.4068298339844,1,180.8348467124019,181.84074910193183,179.50351991974284,181.4068298339844,57462900,175.22843856811522,169.0580261230469,0.3491509002927495,0.8885163843173001,2.3372291821889917
2023-06-15,183.4383544921875,0,181.4167083517838,183.9413132306641,181.23918907707676,183.4383544921875,65433200,175.8852294921875,169.4645034790039,1.119872201097527,0.9055843562007102,2.7021241535873344
2023-06-16,182.36341857910156,1,184.14839232814637,184.4048073735327,181.7224110612984,182.36341857910156,101256200,176.37190628051758,169.88631439208984,-0.5859929980628564,0.8984033411460368,2.682396312234289
2023-06-20,182.4521484375,0,181.8604527350327,183.5270901354668,181.8604527350327,182.4521484375,49799100,176.85759582519532,170.2921728515625,0.0486555138578648,0.8985880520862355,1.666637400434098
2023-06-21,181.41668701171875,1,182.34367850052172,182.84663717983523,180.0656175699355,181.41668701171875,49515700,177.33884811401367,170.72912384033202,-0.5675249289464834,0.899539404847854,2.7810196098997153
2023-06-22,184.4146423339844,0,181.19971869233248,184.46395407144703,181.1306792503188,184.4146423339844,51245300,178.1001754760742,171.2502600097656,1.652524567418645,0.8445727723883354,3.333274821128242
2023-06-23,184.09910583496097,0,182.98473853505004,184.9669444808385,182.45219571223123,184.09910583496097,53117000,178.8319190979004,171.77887298583985,-0.1711016517072394,0.8535000100933371,2.5147487686072623
2023-06-26,182.7085876464844,1,184.2470177435845,185.45015206010265,182.66913223239737,182.7085876464844,48088700,179.43743057250975,172.1721340942383,-0.7553095829390455,0.8901262198863785,2.781019827705279
2023-06-27,185.45999145507812,1,183.3199943951253,185.78543087633776,183.10303478095216,185.45999145507812,50730800,180.06019973754883,172.62731658935547,1.505897365873854,0.8963589897928149,2.6823960953855988
2023-06-28,186.633544921875,1,185.33178721386028,187.274552399172,185.00636283468697,186.633544921875,51216800,180.64943923950196,173.10557678222656,0.6327798559621511,0.8833388412629408,2.268189564485027
2023-06-29,186.96881103515625,1,186.46586748106895,187.44218560729155,186.32780365948648,186.96881103515625,46347300,181.25790786743164,173.56611877441406,0.1796387211214334,0.8801152892998789,1.1143819478050716
2023-06-30,191.2883148193359,0,188.9806695476879,191.7912585176698,188.6157746627016,191.2883148193359,85213200,181.9423141479492,174.09020233154297,2.3102803939676564,0.945349670700438,3.1754838549682063
2023-07-03,189.79916381835935,0,191.1009064221508,191.19952989799955,189.10882958307744,189.79916381835935,31458200,182.5098571777344,174.60380584716796,-0.7784850853974068,0.9793669729387792,2.090700314922117
2023-07-05,188.68478393554688,1,188.92147125163748,190.311965971159,187.98459336367247,188.68478393554688,46920300,183.0892349243164,175.1272265625,-0.5871363500204563,0.9702835801926092,2.3273726074865237
2023-07-06,189.15814208984375,0,187.2153769807983,189.36524537083605,186.5842258571581,189.15814208984375,45094300,183.7105239868164,175.6540084838867,0.2508724574518783,0.9625489722318928,2.781019513677961
2023-07-07,188.0437774658203,0,188.76369580404943,190.0062704618662,187.60987325439865,188.0437774658203,46815000,184.34463348388672,176.1892288208008,-0.5891179791214896,0.9519695248742016,2.396397207467544
2023-07-10,186.0023956298828,0,186.6434031135775,187.36332142042107,184.4540942539423,186.0023956298828,59922200,184.7410774230957,176.68381927490233,-1.0855886131667103,0.9603383197580444,2.909227166478786
2023-07-11,185.47970581054688,1,186.5447760995126,186.68283993061024,184.02017173211044,185.47970581054688,46638100,185.0921531677246,177.0763681030273,-0.2810124125368851,0.9669208129783664,2.6626681984998015
2023-07-12,187.14634704589844,1,187.0575799007695,189.04965668897157,185.864317131752,187.14634704589844,60750200,185.387020111084,177.47723571777342,0.8985571915096191,0.9281076841847836,3.185339557219578
2023-07-13,187.9056854248047,1,187.86624506525828,188.5467078881079,187.1561982107916,187.9056854248047,41342300,185.7435218811035,177.89506286621094,0.4057457657562713,0.9239886298307274,1.3905096773163166
2023-07-14,188.0536346435547,1,187.59998771190843,188.53685056119244,187.00829198764853,188.0536346435547,41616200,186.075862121582,178.33653045654296,0.0787358926450432,0.9236332330057224,1.5285585735439042
2023-07-17,191.3080139160156,0,189.2468975888844,191.63345333608896,189.15814548736353,191.3080139160156,50520200,186.46934509277344,178.8645541381836,1.7305590921597558,0.9653488622423024,2.4753078487254356
2023-07-18,191.0515899658203,1,190.6768538720752,191.64330071064,189.75970372238763,191.0515899658203,48288200,186.90375366210935,179.42014495849608,-0.1340372235048459,0.9508005349771038,1.8835969882523784
2023-07-19,192.4026641845703,0,190.4303150490968,195.48938034906212,189.9865244553515,192.4026641845703,80507300,187.4012794494629,179.84952026367188,0.7071776890167358,0.9553174584403212,5.502855893710603
2023-07-20,190.45989990234375,0,192.39279363664537,193.75371936128715,189.83860510668907,190.45989990234375,59581200,187.85344009399415,180.24141876220705,-1.0097387634730892,0.9805115720665908,3.91511425459808
2023-07-21,189.286376953125,1,191.41651794617297,192.2744851317762,188.58618628535973,189.286376953125,71951700,188.09702682495117,180.64392181396485,-0.6161522450765067,0.9398673661262632,3.688298846416473
2023-07-24,190.08514404296875,1,190.73602285584008,192.21528467718613,189.5920567691867,190.08514404296875,45377800,188.39632873535157,181.02714416503903,0.4219886833385589,0.9390695316278628,2.6232279079994214
2023-07-25,190.943115234375,1,190.65713123041024,191.75178560391285,190.2527960456413,190.943115234375,37283200,188.80805511474608,181.42378326416016,0.4513615178744823,0.9153412231156012,1.4989895582715462
2023-07-26,191.8109436035156,0,190.99241694846552,192.935181951258,190.64726489612823,191.8109436035156,47471900,189.12560272216797,181.85631866455077,0.4544957633457303,0.8667857340583808,2.2879170551297534
2023-07-27,190.54869079589844,1,193.30998316918408,194.47366217807735,189.8879555038913,190.54869079589844,47460200,189.32136001586915,182.27347076416015,-0.6580713195521892,0.8786514029034295,4.585706674186042
2023-07-28,193.12258911132812,1,191.97862287270013,193.9115318637554,191.45595149688123,193.12258911132812,48291400,189.62904891967773,182.74210083007813,1.350782471755041,0.9216831663610692,2.4555803668741873
2023-07-31,193.73402404785156,0,193.34941650238693,193.7734794641123,192.5604737033273,193.73402404785156,38824100,189.7513343811035,183.2107305908203,0.316604566735057,0.7734660915939009,1.213005760785023
2023-08-01,192.9056396484375,0,193.526934544002,194.01015053136803,192.58020018161,192.9056396484375,35175100,189.90665817260745,183.61624572753905,-0.4275884958697018,0.7570997156884997,1.4299503497580304
2023-08-02,189.91748046875,0,192.34346122833557,192.48152505166297,189.19757732195913,189.91748046875,50389300,189.9682929992676,183.95982818603517,-1.5490263452811903,0.8291002973808935,3.28394772970384
2023-08-03,188.5270233154297,0,188.9215022402868,189.71042999433632,188.0536636534335,188.5270233154297,61235200,189.93673706054688,184.2945358276367,-0.7321375314628287,0.8446721274975029,1.656766340902834
2023-08-04,179.4739227294922,0,182.95511789971007,184.78940327661547,179.40488328381886,179.4739227294922,115956800,189.50824432373048,184.50025238037108,-4.802017465045583,1.362439314095775,5.384519992796612
2023-08-07,176.37734985351562,1,179.61200164257014,180.59817633552169,174.8980878140883,176.37734985351562,97576100,189.0269920349121,184.63851470947264,-1.7253608930383746,1.3909463231362067,5.700088521433372
2023-08-08,177.314208984375,0,177.20572916857282,177.77771228390873,175.12490000933562,177.314208984375,67823000,188.61871719360352,184.77283172607423,0.5311674836011804,1.401988375402318,2.652812274573108
2023-08-09,175.72647094726562,0,178.36941190145535,178.42857997538025,174.5627769846933,175.72647094726562,60378500,188.04772338867187,184.8272689819336,-0.8954375660042535,1.3842473524017047,3.865802990686944
2023-08-10,175.50949096679688,1,176.99860916334498,178.25105509162734,175.14461118800062,175.50949096679688,54686900,187.42791366577148,184.84048370361327,-0.1234759790594508,1.374971987175896,3.1064439036267117
2023-08-11,175.56874084472656,1,175.10462674008653,176.3883728930982,174.34424265962002,175.56874084472656,52036700,186.80366897583008,184.85586975097655,0.0337587885437473,1.3743023095994915,2.044130233478171
2023-08-14,177.21788024902344,0,175.74649049543365,177.44500246999712,175.09473274674426,177.21788024902344,43675600,186.0991622924805,184.84822357177737,0.939312656889979,1.3221479968763727,2.3502697232528647
2023-08-15,175.23297119140625,0,176.64511288490613,177.2376075606865,174.83797474088598,175.23297119140625,43622600,185.30823135375977,184.78391693115233,-1.120038821606506,1.3311086505605227,2.39963281980053
2023-08-16,174.36399841308594,0,174.91699954220002,176.30937200366554,174.29486573787133,174.36399841308594,46964900,184.40629806518555,184.72925231933593,-0.4958957052500934,1.304278632815896,2.0145062657942105
2023-08-17,171.82611083984375,1,174.92688028330798,175.29225282363015,171.31260330101006,171.82611083984375,66062900,183.47460861206056,184.63112731933597,-1.4555112272831017,1.3174996847458451,3.979649522620093
2023-08-18,172.30999755859375,1,170.14735612669347,172.9123770667114,169.8116075662743,172.30999755859375,61172200,182.625789642334,184.57009552001952,0.2816141949467887,1.3287612410804333,3.10076950043711
2023-08-21,173.6431121826172,1,172.88274314562352,173.92949746098708,171.56935789788312,173.6431121826172,46311900,181.8036880493164,184.4814874267578,0.7736722435795595,1.3432972708331543,2.360139563103957
2023-08-22,175.0157470703125,1,174.8478727981476,175.46012191641384,174.04799506153495,175.0157470703125,42038900,181.00731964111327,184.41263854980468,0.7904919869506477,1.357243621470924,1.412126854878892
2023-08-23,178.8571319580078,0,176.28962468028294,179.28176749229362,176.1019960768648,178.8571319580078,52722800,180.3596290588379,184.36480102539065,2.194879576265807,1.4679220481880946,3.1797714154288315
2023-08-24,174.17636108398438,1,178.41275636104422,178.83739189345877,173.81097351698816,174.17636108398438,54945800,179.5410125732422,184.232815246582,-2.6170445778602724,1.5532380824141048,5.026418376470616
2023-08-25,176.37850952148438,1,175.16388093182096,176.91175631972774,173.62337343895007,176.37850952148438,51449600,178.70380859375,184.13224884033204,1.264321073074992,1.5481134762139943,3.288382880777675
2023-08-28,177.93878173828125,1,177.8400250704037,178.33377827348758,176.3192718348921,177.93878173828125,43820700,177.91404647827147,184.0222573852539,0.8846158304829155,1.5678258869044774,2.0145064385954754
2023-08-29,181.8196563720703,1,177.45488030453177,182.5899100858624,177.2573820568172,181.8196563720703,53003900,177.35974731445313,184.01138214111327,2.181016749624143,1.671577643810273,5.332528029045221
2023-08-30,185.3055725097656,1,182.62943856671393,185.5030858470339,182.43194029759772,185.3055725097656,60813900,177.1291519165039,184.0684506225586,1.9172383268406312,1.712495689201869,3.0711455494361815
2023-08-31,185.52279663085935,1,185.49317264844964,186.75717945843076,185.1376697913831,185.52279663085935,60794500,176.97894058227538,184.1505728149414,0.1172248185263402,1.7067444485865602,1.6195096670476516
2023-09-01,187.0929412841797,1,187.1225652663115,187.54718572230075,185.92767607044595,187.0929412841797,45766500,177.35989151000976,184.2041387939453,0.8463351576380784,1.3009499381706104,1.6195096518547984
2023-09-05,187.32994079589844,0,185.92768366781115,187.6064413525269,185.26605625958229,187.32994079589844,45280000,177.90752105712892,184.2687554931641,0.1266747479044427,1.21880020868348,2.340385092944615
2023-09-06,180.62478637695312,0,186.04618648324464,186.4905763861184,179.20277485131902,180.62478637695312,81755800,178.07304992675782,184.22707946777345,-3.579328745024679,1.4946721145411452,7.287801534799371
2023-09-07,175.3415985107422,1,172.9913289322691,175.98348658181322,171.37181936653653,175.3415985107422,112488800,178.05380630493164,184.02471160888672,-2.9249517589381324,1.6289068908087183,4.611667215276697
2023-09-08,175.95387268066406,1,176.12176201867752,177.98814840122637,175.56874581023814,175.95387268066406,65551300,178.076025390625,183.8111181640625,0.349189339621736,1.630422640212473,2.419402590988227
2023-09-11,177.119140625,0,177.82027676778657,178.0473990105972,175.12437356668377,177.119140625,58953100,178.15354537963867,183.61412475585936,0.6622576284244452,1.636637690855847,2.923025443913417
2023-09-12,174.09735107421875,0,177.24749835360407,177.87950173703112,172.6358460753217,174.09735107421875,90370200,177.99751892089844,183.27030548095703,-1.7060773556817566,1.6681552795857442,5.243655661709425
2023-09-13,172.03347778320312,1,174.30473020059844,175.08486860955094,171.8063404869434,172.03347778320312,84267900,177.8375442504883,182.9149917602539,-1.185470817494394,1.6703744139073242,3.2785281226075256
2023-09-14,173.54440307617188,0,171.82613628874898,173.89990602984025,171.4113853541615,173.54440307617188,60895800,177.79656448364258,182.6121841430664,0.8782739920382365,1.6805433907500142,2.488520675678757
2023-09-15,172.82345581054688,1,174.2750911398521,174.29484548306786,171.64833608181547,172.82345581054688,109259500,177.8464317321777,182.28549041748047,-0.4154252472830078,1.6492603423193488,2.646509401252388
2023-09-18,175.74649047851562,1,174.2751007250675,177.13887792290447,173.9689761950564,175.74649047851562,67257600,178.01825637817382,182.03954467773437,1.6913414063268517,1.6896706142160804,3.169901727848071
2023-09-19,176.83274841308594,0,175.30211073798526,177.38574949277796,174.91698390976052,176.83274841308594,51826900,178.1777381896973,181.85615173339843,0.618082290925237,1.6868218528150711,2.4687655830174435
2023-09-20,173.2974853515625,0,177.0203732393163,177.45487842056565,173.20859833310675,173.2974853515625,58436200,178.09182510375976,181.6125073242187,-1.9992128682324029,1.741579865836964,4.246280087458899
2023-09-21,171.75697326660156,1,172.36923745366522,174.09737357666756,171.68785565712008,171.75697326660156,63149100,177.73681716918946,181.3047198486328,-0.8889408186366632,1.6687763816977483,2.4095179195474827
2023-09-22,172.6062469482422,1,172.48775099523908,174.86764517240317,171.87550181385268,172.6062469482422,56725400,177.65831146240234,180.99873107910156,0.4944624171516976,1.5727797577968834,2.992143358550493
2023-09-25,173.88011169433594,0,172.02359502231215,174.75899170155245,171.97421669351675,173.88011169433594,46172700,177.53339157104492,180.7152606201172,0.7380177534801025,1.554217066342707,2.7847750080356946
2023-09-26,169.8115692138672,0,172.63583748924898,173.01107959102313,169.51531434646242,169.8115692138672,64588900,177.1270309448242,180.28533172607425,-2.3398549959646076,1.6170720545660884,3.4957652445607152
2023-09-27,168.3007049560547,1,170.4633463371719,170.8780972082127,166.93795639924983,168.3007049560547,66921800,176.45108337402343,179.83031402587892,-0.8897298722383651,1.5198653183651472,3.940140808962866
2023-09-28,168.55747985839844,1,167.2243401117975,169.8807348967939,165.52582779726043,168.55747985839844,56294400,175.6136787414551,179.35341033935546,0.1525691187156841,1.4282833671267487,4.354907099533477
2023-09-29,169.0709686279297,1,169.87084635964763,170.90773103963988,168.21182785802986,169.0709686279297,51861100,174.79108734130858,178.92563171386718,0.3046371896178179,1.4328958922675417,2.6959031816100207
2023-10-02,171.57920837402344,0,169.08081880430257,172.12233981703872,168.79443355791753,171.57920837402344,52164500,174.0154006958008,178.57148834228516,1.4835425421933834,1.4699212532015484,3.3279062591211925
2023-10-03,170.24609375,1,170.1078434596355,171.46073744550782,168.6858469308082,170.24609375,49594600,173.16120834350585,178.17470733642577,-0.7769674639816482,1.4660677710803838,2.774890514699621
2023-10-04,171.4903564453125,1,168.9524578917983,172.03348795172127,168.8339619515459,171.4903564453125,53020300,172.70448684692383,177.78565216064453,0.7308612302962203,1.2907437567408664,3.199526000175382
2023-10-05,172.7247314453125,1,171.61871413723316,173.2579782200924,170.52258153582127,172.7247314453125,48527900,172.57364349365236,177.40392791748047,0.7197926609906036,1.1421083830423886,2.7353966842711372
2023-10-06,175.2725067138672,1,171.6286058875163,175.76625988669193,171.0163417068709,175.2725067138672,57266700,172.5395751953125,177.09840423583984,1.475049488996527,1.1905216963469447,4.749918179821037
2023-10-09,176.7537841796875,0,174.6010122921434,176.81303215553828,173.6036362062995,176.7537841796875,42390800,172.52130737304688,176.77102813720705,0.84512824834444,1.1966643024940185,3.2093959492387683
2023-10-10,176.1612548828125,1,175.8748846750232,177.47464011941017,175.72674968355904,176.1612548828125,43698000,172.62450256347657,176.41957275390624,-0.3352286343542343,1.1314965802772186,1.747890435851133
2023-10-11,177.55364990234375,1,175.9736336691769,177.60302823490863,175.38113888285298,177.55364990234375,47551100,172.9005111694336,176.1125329589844,0.7904093442440141,1.1024508285075794,2.221889352055655
2023-10-12,178.45225524902344,0,177.82025187235598,180.06188013769966,176.80310660532254,178.45225524902344,56743100,173.14590377807616,175.88322845458984,0.5061035620354426,1.0928562750734152,3.25877353237712
2023-10-13,176.61553955078125,0,179.15342336284206,179.65704624189655,175.91440332167903,176.61553955078125,51427100,173.33550796508788,175.64499877929688,-1.0292476806634476,1.1177653654372914,3.74264292021752
2023-10-16,176.4871368408203,0,174.54174811745375,176.84263973108403,174.3047411678942,176.4871368408203,52517000,173.37254028320314,175.58526306152345,-0.0727018190401218,1.0546078308728055,2.537898563189827
2023-10-17,174.93678283691406,0,174.443029551946,176.19092039981612,172.61615143845697,174.93678283691406,57549400,173.27774200439453,175.5564517211914,-0.8784515583730945,1.0634665207124565,3.5747689613591547
2023-10-18,173.6431121826172,0,173.3863659573123,175.36137864838344,172.9222367694585,173.6431121826172,54764400,173.29502334594727,175.48302978515625,-0.7395075142675456,0.97551869126084,2.439141878924943
2023-10-19,173.2678680419922,0,173.84060845589931,175.6181228712257,173.00123711265553,173.2678680419922,59302900,173.3705680847168,175.4338577270508,-0.2161007919682767,0.954089181868686,2.616885758570163
2023-10-20,170.72010803222656,1,173.11974130623128,173.2283676109075,170.48310107616433,170.72010803222656,64244000,173.27626113891603,175.33807006835937,-1.4704168975797405,1.0054903933493118,2.745266534743166
2023-10-23,170.83859252929688,1,168.77470794688867,171.8359684831129,167.80694090892598,170.83859252929688,55980100,173.12418518066406,175.24346710205077,0.0694027777020434,0.9888856111748524,4.029027574186927
2023-10-24,171.27308654785156,0,170.8879597127696,171.5002087664513,169.3079436842464,171.27308654785156,43816600,173.19726104736327,175.12457122802735,0.2543301323910008,0.8356115396211866,2.192265082204898
2023-10-25,168.96234130859375,0,169.73259505065448,170.89784530264086,168.51795139973865,168.96234130859375,57157000,173.23034286499023,174.99915863037108,-1.3491584030116854,0.8683671523137686,2.379893902902211
2023-10-26,164.80494689941406,1,168.24146504420852,169.23885617849143,163.6001878537521,164.80494689941406,70625300,173.042716217041,174.80797760009764,-2.4605449811959,1.0295122787289512,5.638668324739342
2023-10-27,166.11830139160156,1,164.82467062426355,166.8490614359056,164.745668316651,166.11830139160156,58499100,172.89508285522462,174.6938214111328,0.7969144839985232,1.045641603735565,2.103393119254605
2023-10-30,168.16244506835938,1,166.90832288755587,169.03145545417337,166.7601878982554,168.16244506835938,51131000,172.7242446899414,174.61087036132812,1.2305349017138312,1.0270591600661816,2.271267555917973
2023-10-31,168.636474609375,1,167.23421730907862,168.76484019690602,165.80232095364974,168.636474609375,44846000,172.64376373291014,174.51073760986327,0.2818878738489516,1.0173263081196149,2.9625192432562812
2023-11-01,171.79647827148438,1,168.86358325166134,172.05322449399938,167.99457285522465,171.79647827148438,56934900,172.65906982421876,174.44635223388673,1.873855385929479,1.092395242899785,4.058651638774734
2023-11-02,175.35150146484375,0,173.32711052996643,175.5588693503195,173.26786256268767,175.35150146484375,77334800,172.7904083251953,174.37623962402344,2.0693225083121325,1.1766755018899968,2.2910067876318294
2023-11-03,174.44296264648438,1,172.06308417750907,174.61085195895754,171.18420427007575,174.44296264648438,79829200,172.74893112182616,174.38157165527343,-0.5181243449697726,1.1361981794983442,3.4266476888817863
2023-11-06,176.99073791503906,1,174.17635419198152,177.18823614800198,174.00847994055556,176.99073791503906,63841300,172.76077880859376,174.39381622314454,1.460520521952979,1.1686600424551217,3.1797562074464167
2023-11-07,179.54843139648438,1,176.94139988237026,180.1606805785339,176.7340319643902,179.54843139648438,70530000,172.93013763427734,174.4260092163086,1.445100185227255,1.2078700806325295,3.4266486141437156
2023-11-08,180.6050262451172,0,180.07177947416378,181.15802736111343,179.32126504404005,180.6050262451172,49340300,173.08270645141602,174.40171661376954,0.5884734499849831,1.2026472104199724,1.8367623170733791
2023-11-09,180.1310272216797,1,180.6741586985679,181.81965455110011,179.5385174163197,180.1310272216797,53763500,173.16664505004883,174.2982257080078,-0.2624506268137816,1.2010003309233206,2.2811371347804084
2023-11-10,184.3136749267578,0,181.9108804268445,184.48178544542023,181.475802800193,184.3136749267578,66133400,173.55155181884766,174.27404327392577,2.32200291620539,1.2735494114233423,3.0059826452272205
2023-11-13,182.7315673828125,1,183.74015491726047,183.94779597294095,182.1481747757102,182.7315673828125,43627500,173.8637733459473,174.18681579589844,-0.8583777327287323,1.295029957321401,1.7996211972307492
2023-11-14,185.3420257568359,1,185.5991101996175,186.0045247766197,184.214786141562,185.3420257568359,60108400,174.38403549194337,174.1470574951172,1.4285754844726162,1.2983472324969252,1.789738635057688
2023-11-15,185.9056396484375,1,185.74744196041772,187.3789678351275,185.67821821290843,185.9056396484375,53790500,174.99716186523438,174.25267456054686,0.3040939524104669,1.2752502612009833,1.700749622219064
2023-11-16,187.5866546630859,0,187.4482222334322,188.82266388785249,186.5385061665612,187.5866546630859,54412900,175.71310119628907,174.49757568359374,0.904230241657733,1.273703334152465,2.2841577212912796
2023-11-17,187.56687927246097,1,188.1206090057824,188.24915879673333,186.459419805818,187.56687927246097,50922700,176.5554397583008,174.72983581542968,-0.0105420029268388,1.2002526796778832,1.789738990915339
2023-11-20,189.30715942382812,0,187.76462241033667,189.7620174322178,187.75473976876387,189.30715942382812,46505100,177.47886810302734,174.97359619140624,0.9278184709994752,1.2002017828483325,2.0072776634539196
2023-11-21,188.5062255859375,1,189.2676114417462,189.37638084971888,187.61630503925363,188.5062255859375,38134500,178.34052505493165,175.26177368164062,-0.423086924091165,1.2175691472553694,1.7600758104652527
2023-11-22,189.16873168945312,0,189.34672485819107,190.77059476808083,188.69410838615653,189.16873168945312,39617700,179.3508445739746,175.6044787597656,0.3514505165314041,1.1394234923008066,2.0764863819242976
2023-11-24,187.84373474121097,0,188.7336553269539,188.76331834061185,187.13179223741545,187.84373474121097,24048300,180.50278396606444,175.8904653930664,-0.7004312691683778,0.9440459671361756,1.6315261031963928
2023-11-27,187.66574096679688,1,187.79429075090235,188.5358962659671,186.7857030257735,187.66574096679688,40552600,181.5801559448242,176.1873110961914,-0.094756300847254,0.9582176422670085,1.750193240193596
2023-11-28,188.26890563964844,0,187.6558499360948,188.9413024556769,187.2800983304318,188.26890563964844,38415400,182.58547897338863,176.43775939941406,0.3214037201165531,0.9490509562595858,1.6612041252450922
2023-11-29,187.2504425048828,1,188.76331653900831,189.93999969621768,186.85492560121705,187.2504425048828,43014200,183.51617736816405,176.64611328125,-0.5409619455243431,0.9795684530265872,3.0850740950006355
2023-11-30,187.82394409179688,1,187.71517468500207,188.18981305356235,186.08364867108205,187.82394409179688,48794400,184.3175506591797,176.9366424560547,0.3062751570795941,0.9276713905356848,2.106164382480302
2023-12-01,189.09950256347656,0,188.1996843513192,189.4159130354433,187.11199034893104,189.09950256347656,45704800,185.00495071411132,177.2834930419922,0.6791245268794155,0.8487583816053662,2.3039226865122657
2023-12-04,187.30975341796875,1,187.8536004326293,187.92282418358675,185.3519192531924,187.30975341796875,43389500,185.6482902526855,177.5775631713867,-0.946458938942496,0.8775689191515106,2.570904930394363
2023-12-05,191.2551116943359,0,188.08104861869373,192.22413865175915,188.0513705178724,191.2551116943359,66628400,186.3615089416504,177.9250631713867,2.106328263410484,0.9304767077735168,4.172768133886734
2023-12-06,190.1674041748047,1,192.27355320919483,192.5800810210356,189.95974802820277,190.1674041748047,41089700,186.8924575805664,178.33217987060547,-0.5687207572624753,0.919459647633045,2.6203329928328287
2023-12-07,192.0955810546875,1,191.4627450433353,192.817406093886,191.42318430562543,192.0955810546875,47477700,187.46698532104492,178.80807739257813,1.013936583006836,0.931530023335012,1.3942217882605803
2023-12-08,193.51951599121097,0,192.02640705982665,193.79638087491043,191.50234030939515,193.51951599121097,53406400,188.13640975952148,179.30731811523438,0.7412637649994114,0.9259181694040116,2.2940405655152745
2023-12-11,191.01779174804688,1,190.9485830810774,191.3243346926335,189.27749628821252,191.01779174804688,60943700,188.47161560058595,179.7462545776367,-1.2927503618176184,0.8748174094909509,2.0468384044209813
2023-12-12,192.53065490722656,1,190.91889435682484,192.54053754746204,189.5741159727842,192.53065490722656,52696900,188.96156997680663,180.16528350830075,0.7920011771338942,0.848929476900728,2.966421574677838
2023-12-13,195.74429321289065,1,192.9064060967763,195.7838388648497,192.66910200901864,195.74429321289065,70404200,189.48168334960937,180.6752474975586,1.6691566894698529,0.8677808067439702,3.114736855831069
2023-12-14,195.8926239013672,0,195.8036348613561,197.3857175620074,193.964452594447,195.8926239013672,66831600,189.98103256225585,181.1632928466797,0.0757777843950702,0.8689062285710779,3.4212649675603757
2023-12-15,195.3586578369141,0,195.3190970971854,196.17935458626624,194.7950304557911,195.3586578369141,128538400,190.3696327209473,181.61597137451173,-0.2725809955570146,0.8632069277390475,1.384324130475136
2023-12-18,193.69747924804688,1,193.89523770867535,194.42920214917604,192.21426816132805,193.69747924804688,55751900,190.67616271972656,181.9844708251953,-0.8503224823821043,0.8941994195166846,2.214933987847985
2023-12-19,194.73570251464844,0,193.96443406555753,194.74558515548247,193.69745188302565,194.73570251464844,40714100,190.9475898742676,182.34410919189452,0.536002466646468,0.8807926290538748,1.0481332724568233
2023-12-20,192.6493225097656,0,194.6961457159339,195.46741418063525,192.6493225097656,192.6493225097656,52242800,191.15474472045895,182.6738705444336,-1.071390596557864,0.9141046163833952,2.8180916708696486
2023-12-21,192.5009765625,0,193.9050960501454,194.8741228719849,191.33419132020353,192.5009765625,46482500,191.32135696411132,182.9728170776367,-0.0770030983410663,0.91323541217493,3.5399315517813648
2023-12-22,191.43310546875,0,192.9954077755279,193.2228443252002,190.81015202156473,191.43310546875,37149600,191.50082550048828,183.2324340820313,-0.5547354163178975,0.9071483076318764,2.412692303635481
2023-12-26,190.8892517089844,1,191.44298138124012,191.719846217368,190.6717128965979,190.8892517089844,28919300,191.6620010375977,183.51790832519532,-0.284095981431165,0.9102548021185488,1.0481333207700914
2023-12-27,190.98812866210935,1,190.33552729492325,191.3342172608312,188.95118798803827,190.98812866210935,48087700,191.7979621887207,183.8079281616211,0.051798072568121,0.90862855227622,2.3830292727929248
2023-12-28,191.413330078125,0,191.96705978425237,192.4812438348005,191.00791544042357,191.413330078125,34049900,192.0061065673828,184.1374591064453,0.2226323798207863,0.8973287251576709,1.4733283943769209
2023-12-29,190.37506103515625,0,191.72972215657148,192.2241257878035,189.58401220758475,190.37506103515625,42672100,192.13366241455077,184.4720980834961,-0.5424225379418335,0.9077550429581854,2.6401135802187525
2024-01-02,183.5622100830078,0,185.05530386559408,186.3308738952772,181.83179708633995,183.5622100830078,82488700,191.85679779052737,184.6779849243164,-3.57864675924664,1.207503970645543,4.499076808937247
2024-01-03,182.1877593994141,0,182.15809638511385,183.79952025374087,181.3769301071995,182.1877593994141,58414500,191.6006980895996,184.90733795166017,-0.7487655999413922,1.2013613766255875,2.422590146541353
2024-01-04,179.87393188476562,0,180.11123597031312,181.04071720671112,178.85546161628733,179.87393188476562,71983600,191.0316390991211,185.08804473876953,-1.2700235857096231,1.1035738665242183,2.185255590423793
2024-01-05,179.152099609375,1,179.953046197359,180.7144169560074,178.15340966673114,179.152099609375,62379700,190.4808738708496,185.245625,-0.4012989919256693,1.1020657221328212,2.5610072892762616
2024-01-08,183.4830780029297,0,180.0519155054874,183.52263874374273,179.46852282651062,183.4830780029297,59144500,190.0502487182617,185.53603973388672,2.4174868187411658,1.227191595525907,4.05411591723211
2024-01-09,183.0677795410156,1,181.8614334502317,183.07766218215255,180.68475037086023,183.0677795410156,42841800,189.52766189575195,185.9012963867187,-0.2263415604503049,1.206114145838087,2.392911811292322
2024-01-10,184.1060333251953,0,182.2866315170422,184.31367440860305,181.8614365329183,184.1060333251953,46792900,189.18207397460935,186.26105102539063,0.5671417366741371,1.1947774625841598,2.4522378756847445
2024-01-11,183.51275634765625,1,184.45212033242825,184.9564217479187,181.56480461990645,183.51275634765625,49128400,188.73117904663087,186.56805725097655,-0.3222474390565666,1.1729808895943865,3.391617128012257
2024-01-12,183.83905029296875,0,183.977482710611,184.64987951630312,183.11722519297732,183.83905029296875,40477800,188.13591690063475,186.87210876464843,0.1778045035160103,1.0901755269672764,1.5326543233258008
2024-01-16,181.57467651367188,0,180.1211286782067,182.19761480887055,178.90488492167398,181.57467651367188,65603000,187.42001953125,187.0676727294922,-1.2317153377850554,1.1050793050938743,3.292729887196572
2024-01-17,180.63531494140625,1,179.24110807963172,180.8825167727283,178.281963767062,180.63531494140625,47317400,186.6838523864746,187.17334899902343,-0.5173417297510086,1.1052647106033553,2.6005530056663133
2024-01-18,186.51873779296875,1,184.00715864056133,187.0230241166397,183.7500741577492,186.51873779296875,78005800,186.3249153137207,187.41486450195313,3.257072324684107,1.3652964631650992,3.272949958890507
2024-01-19,189.4159240722656,1,187.21088801676132,189.80155831594575,186.70660172518024,189.4159240722656,68903000,186.05892639160157,187.66336822509768,1.5532950273943191,1.4115345214320347,3.09495659076552
2024-01-22,191.7198181152344,1,190.147618364531,193.1437028283241,190.10805762916755,191.7198181152344,60133900,186.012451171875,187.90679595947265,1.2163148659506628,1.4237826120663777,3.035645199156562
2024-01-23,192.99542236328125,0,192.83722464512005,193.55904982724215,191.66054141727489,192.99542236328125,42355600,186.03717346191405,188.15460388183592,0.6653481421937002,1.431723203192114,1.898508409967263
2024-01-24,192.322998046875,0,193.23269884918452,194.18196038829024,192.16478527569063,192.322998046875,53631300,186.0816680908203,188.39844329833983,-0.3484146453694214,1.4280833279813017,2.0171751125996025
2024-01-25,191.9967041015625,0,193.0349547434494,194.07320538533628,190.9485708187439,191.9967041015625,54822100,186.1370407104492,188.55210388183593,-0.1696593484014741,1.4269753013293411,3.124634566592391
2024-01-26,190.2662811279297,0,192.09558049769083,192.5800863732271,189.7916578927919,190.2662811279297,44594000,186.10094833374023,188.70279815673828,-0.9012774368863384,1.442342594154393,2.7884284804351864
2024-01-29,189.58401489257812,0,189.86087972294905,190.04875551955823,187.4580852833725,189.58401489257812,47145600,186.00948257446288,188.78763793945313,-0.3585849428006771,1.4432838078926342,2.59067023618573
2024-01-30,185.93533325195312,0,188.80288370915284,189.65325866018404,185.37172089064353,185.93533325195312,55859400,185.78749618530273,188.78823181152345,-1.9245724080125703,1.500652080144872,4.281537769540506
2024-01-31,182.3360595703125,1,184.94651023142663,185.00585134318092,182.2866312758536,182.3360595703125,55467800,185.72618865966797,188.68321990966797,-1.9357663864583483,1.336629821712242,2.7192200673273135
2024-02-01,184.7685546875,0,181.93068222666935,184.85754373397813,181.7625867762094,184.7685546875,64885400,185.8552284240723,188.62725341796877,1.3340724390555891,1.3582430382281951,3.094956957768744
2024-02-02,183.7698516845703,1,177.84689023760967,185.23328233515724,177.2437171517322,183.7698516845703,102551700,186.0500244140625,188.5165072631836,-0.5405156762842034,1.329600069671298,7.989565183425043
2024-02-05,185.5793609619141,1,186.04410163536497,187.13179578344227,183.75995901240583,185.5793609619141,69668800,186.37138748168945,188.45796997070312,0.9846605744938453,1.337340140959456,3.371836771036442
2024-02-06,187.1812286376953,1,184.76853636353553,187.19111127921153,184.67954732588265,187.1812286376953,43490800,186.55629501342773,188.418219909668,0.8631712424691296,1.2425719235755333,2.5115639533288743
2024-02-07,187.2899932861328,0,188.50622203381667,188.91163664571195,186.49894443287428,187.2899932861328,53439000,186.7674057006836,188.4071450805664,0.0581066003408015,1.2401798178857757,2.412692212837669
2024-02-08,186.21221923828125,1,187.27023532431497,187.41855040104747,185.25307484073457,186.21221923828125,40962000,186.8727149963379,188.3780746459961,-0.5754573583677702,1.244871477043212,2.165475560312899
2024-02-09,186.97454833984375,0,186.77652244170517,188.10322646586073,186.13298359451971,186.97454833984375,45155200,187.0458045959473,188.3521875,0.4093872596980352,1.2436665149880228,1.9702428713410145
2024-02-12,185.29144287109375,0,186.54883497246297,186.79635226997033,184.93501735839288,185.29144287109375,41781900,187.11842422485353,188.31300750732424,-0.900178919373984,1.2633568589327897,1.861334911577444
2024-02-13,183.2023773193359,0,183.9251386304961,184.3607714461939,181.68757282391297,183.2023773193359,56529500,187.1998092651367,188.220576171875,-1.127448477591697,1.2580066662453728,2.673198622280921
2024-02-14,182.3211975097656,0,183.47959151637605,183.68749754312392,180.6281880058035,182.3211975097656,54630500,187.2841033935547,188.0850100708008,-0.4809871042417479,1.2571665258493934,3.0593095373204164
2024-02-15,182.0341033935547,0,181.727184392981,182.65785175424017,179.54903541760635,182.0341033935547,65434500,187.059871673584,187.9794970703125,-0.1574661203042726,1.006047190516482,3.108816336633822
2024-02-16,180.49949645996097,0,181.5984737728991,183.0142804515248,179.86585283584154,180.49949645996097,49752500,186.61405029296876,187.764384765625,-0.8430326543130917,0.9370045143883527,3.1484276156832607
2024-02-20,179.75694274902344,1,179.98465441119404,180.6182980286837,178.2124373755958,179.75694274902344,53665600,186.0159065246582,187.55617553710937,-0.4113882451202588,0.8726439348323484,2.405860653087899
2024-02-21,180.5093994140625,1,180.13316833455778,181.0737309260645,178.86588113831095,180.5093994140625,41371400,185.3916053771973,187.3244519042969,0.4185967192875672,0.8596571551117568,2.2078497877535597
2024-02-22,182.5390167236328,0,181.65785591778803,183.12316891523537,180.6479964148563,182.5390167236328,52292200,184.90240631103515,187.1048419189453,1.1243831712689278,0.919056368470281,2.475172500379074
2024-02-23,180.7074279785156,0,183.17269052734747,183.2023913936763,180.42029946099493,180.7074279785156,45119700,184.3379425048828,186.8986346435547,-1.003395755051251,0.9336925504058384,2.782091932681368
2024-02-26,179.3609161376953,1,180.43019254491847,180.9450175834942,178.85597124394113,179.3609161376953,40867400,183.79267425537108,186.6352398681641,-0.7451336427522937,0.9290272135913764,2.0890463395530787
2024-02-27,180.8163146972656,0,179.30151026553332,182.0934971193568,177.77679547469845,180.8163146972656,54318900,183.35428924560543,186.33668029785156,0.811435730208343,0.9608138107552494,4.316701644658366
2024-02-28,179.6183319091797,0,180.69750358801917,181.30144633523983,178.34114943443706,179.6183319091797,48953900,183.0384391784668,186.01119445800785,-0.6625413144226822,0.8820198621934434,2.960296900802774
2024-02-29,178.95498657226562,0,179.4698267249393,180.75691955299587,177.74710108364005,178.95498657226562,136682600,182.8693855285645,185.68312103271484,-0.3693082603893005,0.7805906482127969,3.009818469355821
2024-03-01,177.8758087158203,0,177.76690051629518,178.73716395290236,175.61845249589473,177.8758087158203,73563100,182.52474822998047,185.36668762207032,-0.6030443057866486,0.7116400097294916,3.118711457007634
2024-03-04,173.36111450195312,0,174.40067502541137,175.14322688917085,172.06411122315788,173.36111450195312,81510100,182.0043113708496,184.9391958618164,-2.5381159172015333,0.8832780477230558,3.0791156660129673
2024-03-05,168.4305419921875,0,169.0641855800497,170.33147275577412,167.93550746706842,168.4305419921875,95132400,181.1468704223633,184.45482025146484,-2.8441052215951723,1.0002406635515244,2.395965288705696
2024-03-06,167.44049072265625,0,169.3612273012443,169.53944760498507,167.00485787713032,167.44049072265625,68587700,180.15983352661132,183.95361053466797,-0.5878098222691586,0.9490937371002648,2.534589727854751
2024-03-07,167.32168579101562,1,167.47019012011697,169.03450118476172,166.81675596481475,167.32168579101562,71765100,179.16141815185546,183.47138214111328,-0.0709535257140459,0.9451622977674105,2.217745219946977
2024-03-08,169.03448486328125,1,167.32166963491963,171.9749911536114,167.26226790901475,169.03448486328125,76267000,178.30253143310546,183.0342868041992,1.023656356418079,1.0090701284086885,4.712723244596646
2024-03-11,171.03443908691406,1,171.2225546353428,172.6482565736913,170.34139373001014,171.03443908691406,60139500,177.505525970459,182.63521301269532,1.183163438661894,1.0585019700225,2.3068628436811593
2024-03-12,171.50965881347656,0,171.43045147590772,172.3017170819102,169.31170429451927,171.50965881347656,59825400,176.81643676757812,182.2371395874023,0.2778503142989885,1.06425994837565,2.990012787390924
2024-03-13,169.43055725097656,1,171.05427023263442,171.47009750884777,169.06422135194308,169.43055725097656,52488700,176.12784576416016,181.81824951171876,-1.212235845423204,1.067556617211574,2.4058761569046965
2024-03-14,171.28195190429688,0,171.1928493122845,172.57893998999515,170.34138929390355,171.28195190429688,72913500,175.5758834838867,181.57264434814456,1.0927159087235072,1.1169263155692584,2.2375506960916027
2024-03-15,170.90570068359375,1,169.47010369924573,170.90570068359375,168.5988381717502,170.90570068359375,121752700,175.01946334838868,181.3470031738281,-0.2196677563047311,1.1165779801821971,2.3068625118435477
2024-03-18,171.99481201171875,1,173.82644596151624,175.94519331439105,171.79680120539754,171.99481201171875,75604200,174.59422912597657,181.1894207763672,0.6372586307939132,1.1283120704580587,4.148392108993505
2024-03-19,174.3313446044922,1,172.6086191723699,174.85607994565953,171.31163124958826,174.3313446044922,55215200,174.32294921875,181.0930056762695,1.358490157606762,1.1818787053710462,3.544448696071271
2024-03-20,176.8956298828125,0,173.97492929704185,176.8956298828125,173.3511809805003,176.8956298828125,53423100,174.1422607421875,180.9612567138672,1.4709261172383803,1.230770851828511,3.5444489023122117
2024-03-21,169.66812133789062,1,175.29172116809335,175.72735394947048,169.14338597139206,169.66812133789062,106181300,173.49871597290038,180.6932635498047,-4.085747369626858,1.4845753710829872,6.5839679780784195
2024-03-22,170.5691375732422,0,170.0542973078804,171.33149516328157,168.37118252152447,170.5691375732422,71160100,172.9918014526367,180.42252563476563,0.531046273305047,1.488909703032856,2.960312641757099
2024-03-25,169.15328979492188,0,168.8760716915293,170.23246134793257,167.76718417070535,169.15328979492188,54288300,172.48142013549804,180.13533630371094,-0.8300726605435016,1.490433821583839,2.4652771772272217
2024-03-26,168.024658203125,1,168.31177163695932,169.71766815187948,167.89594436696248,168.024658203125,57388400,171.84183731079102,179.81904846191406,-0.6672241451320282,1.4698796157592786,1.8217237849169976
2024-03-27,171.5888671875,0,168.71767294274684,171.87599567632833,168.42064920188324,171.5888671875,60273300,171.44036407470702,179.61933227539063,2.1212416216114027,1.5678424659416237,3.4553464744450935
2024-03-28,169.7770538330078,0,170.04437673388762,170.51960569647457,168.81668554767697,169.7770538330078,65672700,170.98146743774413,179.40216705322266,-1.0559037915393257,1.578840592702748,1.7029201487976025
2024-04-01,168.3414306640625,0,169.48991432845702,169.54931605122675,167.79688969325008,168.3414306640625,46240500,170.50474853515624,179.03862091064454,-0.8455931685311224,1.5826146701400865,1.752426357976674
2024-04-02,167.16326904296875,1,167.40089107386055,167.65830361021796,166.55932626663449,167.16326904296875,49329500,170.19485626220705,178.5935678100586,-0.6998643271868499,1.4944573535960095,1.0989773435834709
2024-04-03,167.9652099609375,0,167.11374996517486,168.98497988400436,166.90584392266877,167.9652099609375,47691700,170.17158966064454,178.11847564697266,0.4797351251623505,1.3603629943299154,2.079135961335595
2024-04-04,167.14344787597656,1,168.59883533803097,170.2126525655396,167.14344787597656,167.14344787597656,53704400,170.15673751831054,177.60143615722657,-0.4892454128757051,1.358317315539992,3.069204689563037
2024-04-05,167.89590454101562,0,167.90579979250484,168.69785802201392,167.27215623034843,167.89590454101562,42104800,170.18544845581056,177.11289428710938,0.4501861572207222,1.3618788996418714,1.4257017916654888
2024-04-08,166.77713012695312,1,167.3513719945941,167.51968192191484,166.5692240844266,166.77713012695312,37425500,170.07258071899415,176.6085028076172,-0.6663500322541815,1.3490915819127909,0.9504578374882442
2024-04-09,167.98501586914062,0,167.02464767080627,168.39094781013864,166.67813256359855,167.98501586914062,42373800,169.92010955810548,176.1628775024414,0.7242514254010901,1.3306387082562778,1.7128152465400888
2024-04-10,166.11380004882812,1,167.1236748074244,167.41078821247058,165.45045553411236,166.11380004882812,49709300,169.65031661987305,175.69347320556642,-1.1139182924328028,1.347151812009827,1.9603326783582131
2024-04-11,173.30166625976562,1,166.6682071669761,173.71750852250418,166.49000200344838,173.30166625976562,91070300,169.8438720703125,175.44079986572265,4.327073493487399,1.652338845274057,7.227506519055794
2024-04-12,174.7967071533203,0,172.52944039553972,176.58872985356905,172.47994902506244,174.7967071533203,101670900,170.01960983276368,175.2900128173828,0.8626811996797157,1.646043870466264,4.10878082850661
2024-04-15,170.97503662109375,0,173.61851932570818,174.8759113224836,170.7869210734751,170.97503662109375,73531800,170.02307662963867,175.01414245605469,-2.186351559171218,1.7239561077236214,4.0889902490085035
2024-04-16,167.69790649414062,0,170.04436539186383,172.0343988146065,166.59892920522176,167.69790649414062,73711200,169.80823135375977,174.6927035522461,-1.916730179865811,1.7695149244322907,5.435469609384739
2024-04-17,166.3315887451172,0,167.9256004082147,168.9552655008738,166.3315887451172,166.3315887451172,50901200,169.40824356079102,174.30774810791016,-0.8147494370009833,1.740987633829746,2.6236767557566054
2024-04-18,165.38113403320312,0,166.36130787024413,166.96525061902096,164.89600984807865,165.38113403320312,43122900,168.83251876831054,173.8717462158203,-0.571421651824966,1.6958849016647592,2.069240770942315
2024-04-19,163.3613739013672,1,164.55936395716853,164.74746436429578,162.45051229612085,163.3613739013672,68149400,168.51718139648438,173.393173828125,-1.2212760201719464,1.46681040325186,2.2969520681749316
2024-04-22,164.19305419921875,1,163.87623994630854,165.59895049362888,163.1336881290828,164.19305419921875,48116400,168.1983772277832,172.95279052734375,0.5091046175662806,1.466259385970722,2.465262364546078
2024-04-23,165.24252319335938,1,163.70792820716713,165.39104261951863,163.28219064755024,165.24252319335938,49537800,168.0028388977051,172.51815002441407,0.6391677158689602,1.4687906502129406,2.1088519719683916
2024-04-24,167.3414764404297,1,164.88609429896647,167.6186945681344,164.55938480415762,167.3414764404297,48251800,167.96867980957032,172.15915069580078,1.2702258513773712,1.4935625949774436,3.059309763976785
2024-04-25,168.2028350830078,0,167.84640961058278,168.9156860278579,166.4801094484109,168.2028350830078,50558300,167.79937820434571,171.85915985107422,0.5147311120353049,1.4139963331607484,2.4355765794470017
2024-04-26,167.6186981201172,1,168.19293999888993,169.63843239437367,167.49987955768665,167.6186981201172,44838400,167.69146041870118,171.56510986328124,-0.3472812825077276,1.3973046265623177,2.138552836687012
2024-04-29,171.7769775390625,0,171.64826373021612,174.28185098854456,171.38095596804143,171.7769775390625,68169400,167.86323776245118,171.3599673461914,2.4807968714596784,1.492917903097116,2.9008950205031283
2024-04-30,168.63845825195312,0,171.6086653165762,173.25218351807536,168.31173366197407,168.63845825195312,65934800,167.9369972229004,171.12274658203123,-1.8270895972632095,1.545513803714486,4.9404498561012815
2024-05-01,167.6186981201172,1,167.8959162536964,170.99483730573115,167.43058257791944,167.6186981201172,50383100,167.91967163085937,170.87998168945313,-0.6047020011961779,1.548854176544061,3.564254727811715
2024-05-02,171.31166076660156,1,170.79682058773386,171.69778712393833,169.19291342760516,171.31166076660156,94214900,168.12808227539062,170.6960269165039,2.20319253633503,1.619407425056294,2.5048736963331635
2024-05-03,181.5588531494141,0,184.796367814728,185.14289799826793,180.84600228009177,181.5588531494141,163224100,168.81122970581055,170.67642364501953,5.981608220337975,2.082185059915152,4.29689571817616
2024-05-06,179.9054412841797,1,180.5390848280799,182.37070337959045,178.62824383792136,179.9054412841797,78569700,169.46764526367187,170.6603839111328,-0.9106754292360076,2.0895493973880734,3.742459541669092
2024-05-07,180.5885772705078,1,181.62815272879564,183.0637497391675,179.5193160584302,180.5885772705078,77305800,170.09782333374022,170.68493713378905,0.3797194689898475,2.0881546532097266,3.544433680737285
2024-05-08,180.92523193359375,1,181.03414013837897,181.25195654794928,179.6480343404535,180.92523193359375,45057100,170.83839492797853,170.68711547851564,0.1864207959187069,2.0591453087431573,1.6039222074957706
2024-05-09,182.737060546875,0,180.74701199258516,182.82616313989396,180.3014839202349,182.737060546875,48983000,171.31016464233397,170.74949005126953,1.0014239550325763,1.8533856760778695,2.5246792196590775
2024-05-10,181.4779510498047,1,183.3120539854214,183.50042466657956,180.56585391849484,181.4779510498047,50759500,171.6442268371582,170.79994934082032,-0.6890279909845254,1.8602391865632737,2.934570748084724
2024-05-13,184.68020629882812,1,183.84742393900163,185.4931713127623,183.03445892506747,184.68020629882812,72044800,172.32948532104493,170.93603729248048,1.764542320705731,1.80192136812554,2.4587123876948453
2024-05-14,185.82032775878903,1,185.89964252722956,186.68286641073877,184.6901187820661,185.82032775878903,52393600,173.23560638427733,171.18522155761718,0.6173490287941785,1.7174541348564325,1.9927476286726744
2024-05-15,188.09066772460935,1,186.29621459797372,189.0126735344407,185.76084369802737,188.09066772460935,70400000,174.32356033325195,171.57842407226562,1.2217931123054582,1.693857379419546,3.2518298364133216
2024-05-16,188.2096405029297,1,188.83423487080032,189.458829238671,188.03119361367857,188.2096405029297,52845200,175.4649856567383,171.9938070678711,0.0632528874290105,1.6760172100740016,1.4276356249924331
2024-05-17,188.2393798828125,1,187.8824709799172,189.1713095252472,187.55530322495105,188.2393798828125,41282900,176.70888595581056,172.41216094970704,0.0158011990264439,1.624917782374793,1.6160063002961635
2024-05-20,189.39935302734375,1,187.70404687859929,190.2718004798306,187.3867877585141,189.39935302734375,44361300,177.9692008972168,172.81945831298827,0.6162223575393089,1.6243502961374638,2.8850127213165138
2024-05-21,190.69810485839844,0,189.44891605266244,191.07483113273048,189.2803778274553,190.69810485839844,42309400,179.24197998046876,173.21273162841797,0.6857213661480621,1.6242483349511072,1.7944533052751694
2024-05-22,189.2605438232422,0,190.6187885434668,191.1640681663492,188.63596455316463,189.2605438232422,34648500,180.3379333496094,173.56774932861327,-0.753841280291534,1.6517205030285411,2.528103613184584
2024-05-23,185.2750701904297,1,189.3398501117122,189.35968258649532,185.02721720275105,185.2750701904297,51005900,181.1915451049805,173.88463958740235,-2.1058132626601167,1.761629708016286,4.332465383744278
2024-05-24,188.3484344482422,1,187.19840810516956,188.94328765804343,186.42509288132968,188.3484344482422,36327000,182.22803192138673,174.22596923828124,1.6588115468819664,1.7680097854962762,2.518194776713756
2024-05-28,188.3583526611328,1,189.8652878598297,191.34249703943843,187.47599667367737,188.3583526611328,52280100,183.05710067749024,174.57502227783203,0.0052658854954978,1.7152201720600146,3.866500365761055
2024-05-29,188.65577697753903,1,187.98162409974876,190.59895109353056,187.8824768517226,188.65577697753903,53068000,184.0579666137695,174.90824157714843,0.1579034389525002,1.6302981375303451,2.7164742418079584
2024-05-30,189.64718627929688,1,189.12173915319045,190.52954231443272,188.9928658858645,189.64718627929688,49889100,185.1593910217285,175.21455841064454,0.5255122942118495,1.6066804620812691,1.536676428568228
2024-05-31,190.59893798828125,1,189.79589676882185,190.9161970579539,188.2790377703441,190.59893798828125,75158300,186.1237548828125,175.4886245727539,0.5018538517005622,1.563532832338127,2.6371592876097907
2024-06-03,192.36366271972656,1,191.24336235629545,193.31542486412093,190.86663609575575,192.36366271972656,50080500,186.66399536132812,175.94253540039062,0.9258838218467956,0.9110567685216138,2.4487887683651763
2024-06-04,192.680908203125,1,192.96841099700256,193.64257895328527,191.37223723797064,192.680908203125,47471400,187.3027687072754,176.38477081298828,0.1649196521386065,0.8669157597729701,2.270341715314629
2024-06-05,194.18785095214844,0,193.72188613227584,195.20900403542353,193.19643901671665,194.18785095214844,54156800,187.98273239135744,176.88546203613282,0.7820924050424338,0.8723623684305422,2.01256501870688
2024-06-06,192.80978393554688,1,194.0093990023229,194.81244022862765,192.5024486640224,192.80978393554688,41181800,188.57695999145508,177.38116455078125,-0.7096566596955345,0.9045581761188398,2.309991564605241
2024-06-07,195.1990966796875,0,192.97832848334124,195.24867030234284,192.4727138388465,195.1990966796875,53103900,189.2000617980957,177.853369140625,1.2392072100134266,0.9154484514485592,2.7759564634963567
2024-06-10,191.46148681640625,1,195.20902308787944,195.6055969774052,190.4998159349584,191.46148681640625,97010200,189.6992385864258,178.28705780029296,-1.9147680121770705,1.0223573402483197,5.105781042446807
2024-06-11,205.37098693847656,1,191.9869251216324,205.38091074009856,191.9671077738811,205.37098693847656,172373300,190.7337776184082,179.02764892578125,7.264907607976645,1.8497129132369343,13.413802966217446
2024-06-12,211.2401580810547,1,205.58909768640683,218.3089152196564,205.1231328450552,211.2401580810547,198134300,192.0047691345215,179.90918670654298,2.857838504879151,1.9206130119449087,13.185782374601189
2024-06-13,212.40008544921875,0,212.8957913864929,214.88852380834695,209.782758705521,212.40008544921875,97862700,193.22024002075196,180.7978842163086,0.5491036262711857,1.9161445535516457,5.105765102825956
2024-06-14,210.6651153564453,1,212.01343611534224,213.32209192759063,209.48533280144244,210.6651153564453,70122700,194.3430137634277,181.66831756591796,-0.8168405813510082,1.9397214229598545,3.836759126148195
2024-06-17,214.8092498779297,0,211.53758704443376,217.069668171382,210.8931752545736,214.8092498779297,93728300,195.6715072631836,182.60658447265624,1.967166948582122,1.9586999448015243,6.1764929168083995
2024-06-18,212.44964599609375,0,215.7213082393038,216.7523850703462,211.1707313217612,212.44964599609375,79943300,196.8240219116211,183.52003479003903,-1.098464746363037,1.998759105661129,5.581653748585012
2024-06-20,207.8792266845703,0,212.0927269910851,212.40007736780652,207.0563681724187,207.8792266845703,86172500,197.68307800292968,184.3179190063477,-2.15129532934476,2.090497950429689,5.343709195387817
2024-06-21,205.70806884765625,1,208.5831574221536,210.0702753319445,205.33132746963065,205.70806884765625,241805100,198.5054542541504,185.10980438232423,-1.044432323297273,2.1003103865944523,4.738947862313836
2024-06-24,206.3524932861328,1,205.93610206103617,210.87332959032133,204.8158016590104,206.3524932861328,80727000,199.5593254089355,185.77082092285156,0.3132713471506232,2.013989729870166,6.057527931310943
2024-06-25,207.2744903564453,1,207.35378999494392,209.56464939365068,206.8184342324815,207.2744903564453,55549700,200.5056282043457,186.42037658691407,0.4468068476565667,1.99731772369196,2.746215161169175
2024-06-26,211.41859436035156,1,209.68362348048936,213.01476817493463,208.8310086144187,211.41859436035156,66213200,201.65864028930665,187.22924774169925,1.9993314164129528,2.0210396817863856,4.183759560515938
2024-06-27,212.26129150390625,0,212.8462208878068,213.8872063968936,210.52632069800987,212.26129150390625,49772700,202.838916015625,188.12051544189453,0.3985917823852158,2.0189966294754744,3.3608856988837204
2024-06-28,208.81118774414065,1,213.91696855097956,214.2143951724623,208.49394377490637,208.81118774414065,82542700,203.7971160888672,188.970107421875,-1.6254041117535143,2.080098595589608,5.720451397555934
2024-07-01,214.8885498046875,1,210.26856627972688,215.6420174745076,210.10002805599396,214.8885498046875,60402900,205.0115966796875,189.9602557373047,2.9104580679812697,2.1486539094197417,5.541989418513651
2024-07-02,218.37831115722656,1,214.2936836981781,218.4873670751859,213.25271326862932,218.37831115722656,58046200,206.3123291015625,191.06059448242183,1.6239866459664354,2.1594774786912785,5.234653806556565
2024-07-03,219.64730834960935,1,218.11061688690268,219.64730834960935,217.1489461385908,219.64730834960935,37369800,207.66064910888673,192.16967956542967,0.5811003783563251,2.1564807340968764,2.4983622110185593
2024-07-05,224.3961639404297,1,219.7464397478406,224.5052198536283,219.7464397478406,224.3961639404297,60412400,209.1710647583008,193.3527523803711,2.1620367790993633,2.1818907483160768,4.758780105787679
2024-07-08,225.8634796142578,1,225.13973799267995,225.89322076278884,221.3327197032473,225.8634796142578,59085900,210.82374954223633,194.52319244384765,0.653895168287133,2.1550966341506146,4.5605010595415365
2024-07-09,226.7160797119141,1,225.97252074204383,227.42989753320916,224.4259205051531,226.7160797119141,48076100,212.39959869384765,195.69345733642575,0.3774847085117105,2.15480063482432,3.003977028056056
2024-07-10,230.97915649414065,0,227.3307677065015,231.0783037422216,227.28119408246096,230.97915649414065,62627700,214.37548217773437,196.96066650390625,1.880359252702157,2.071156946944496,3.7971096597606504
2024-07-11,225.6156005859375,1,229.40278596334775,230.39419780728423,223.83105624130303,225.6156005859375,64710600,215.38771286010743,198.03743896484377,-2.3220952009750717,1.5890535042959055,6.563141565981198
2024-07-12,228.56008911132812,1,226.9540066999144,230.64206011910093,226.7160624017349,228.56008911132812,53046500,216.2537094116211,199.23587158203125,1.3050908349172774,1.5024997428975224,3.925997717366045
2024-07-15,232.3869476318359,1,234.44908623752588,235.1926451763578,231.08820043911544,232.3869476318359,62631300,217.25305252075196,200.5312365722656,1.6743336666463104,1.5289934212482676,4.104444737242346
2024-07-16,232.80335998535156,0,232.98180687397965,234.24090427881208,230.33473879844303,232.80335998535156,43234300,218.35996475219727,201.76107055664065,0.1791892177074316,1.501122417103026,3.9061654803690544
2024-07-17,226.91436767578125,0,227.47946461019197,229.47221227385296,224.69359950369105,226.91436767578125,57345900,218.96522064208983,202.66818084716795,-2.5295993622862056,1.6048103686339683,4.778612770161914
2024-07-18,222.25474548339844,1,228.30236502251043,228.46099458072425,220.36115997030524,222.25474548339844,66034600,219.4554756164551,203.51516693115235,-2.0534716422366706,1.6614054243949792,8.099834610419009
2024-07-19,222.3836212158203,0,222.88925101284036,224.85224251867805,221.36246807560823,222.3836212158203,49151500,220.1806953430176,204.3510678100586,0.0579855931271966,1.5647495173423802,3.4897744430698197
2024-07-22,222.03663635253903,1,225.06043082550624,225.82382229500527,221.17409763275575,222.03663635253903,48201800,220.99712371826172,205.1732958984375,-0.1560298646924751,1.5354328413322642,4.649724662249525
2024-07-23,223.07762145996097,0,222.4431183487035,224.99105459605977,220.7676295522315,223.07762145996097,39960300,221.83338012695313,205.98010711669923,0.4688348393862007,1.5353971027524895,4.223425043828257
2024-07-24,216.6631622314453,0,222.07627816799848,222.86941075843336,215.26528287042115,216.6631622314453,61777600,222.3028137207031,206.68381134033203,-2.8754382382846777,1.7010338243431495,7.604127888012215
2024-07-25,215.6221923828125,1,217.04981289629316,218.95333716975932,212.77682977395943,215.6221923828125,51391200,222.51299362182615,207.3026510620117,-0.4804553934834699,1.655469209647786,6.176507395799888
2024-07-26,216.088134765625,1,216.82176985722597,217.60499369491455,214.15486954444728,216.088134765625,41601300,222.7043357849121,207.90800720214844,0.2160920347128669,1.6543062760009424,3.450124150467275
2024-07-29,216.3657684326172,1,215.09676223529075,217.41666277155184,213.897147014136,216.3657684326172,36311800,223.08206481933593,208.4735092163086,0.128481680538961,1.603603857445108,3.5195157574158316
2024-07-30,216.9209442138672,1,217.3075942808937,218.43780333279796,214.26395224147615,216.9209442138672,41643800,223.1836845397949,209.04773529052736,0.2565913200002878,1.470970811079524,4.173851091321808
2024-07-31,220.17274475097656,0,219.5382417741392,221.8978068103832,218.73520059867647,220.17274475097656,50036300,223.2734062194824,209.68640258789063,1.4990717235230822,1.4642187699312537,3.1626062117067306
2024-08-01,216.4846954345703,1,222.4430752969037,222.55213120715743,215.15620716620225,216.4846954345703,62501000,223.1152755737305,210.22810943603517,-1.6750707816163055,1.507514058679293,7.39592404095518
2024-08-02,217.97183227539065,0,217.2679231335739,223.66254232334137,215.84030263063204,217.97183227539065,105568600,222.7940589904785,210.773583984375,0.6869477945473657,1.4269259880686445,7.822239692709331
2024-08-05,207.47279357910156,0,197.3802115476467,211.6664621054212,194.3167520967801,207.47279357910156,119548600,221.8745246887207,211.13782897949216,-4.816695160420714,1.7544157114762944,17.349710008641097
2024-08-06,205.4502716064453,1,203.53685401433648,208.18657796978488,199.3431861620261,205.4502716064453,69660500,220.81123428344728,211.5413330078125,-0.9748372004665496,1.7485619267122638,8.843391807758792
2024-08-07,208.01805114746097,1,205.12311510057037,211.80523672133984,204.61750047992084,208.01805114746097,63516400,219.66317901611328,211.93472534179688,1.249830200241564,1.7090689127592935,7.187736241419003
2024-08-08,211.4780731201172,1,211.27979376271136,212.36042911915672,207.03655197769595,211.4780731201172,47161100,218.9563026428223,212.39711975097657,1.663327751399546,1.7187427042574377,5.32387714146077
2024-08-09,214.38291931152344,1,210.2784745623819,214.91827509282652,210.1495861717322,214.38291931152344,42201600,218.24744415283203,212.91166259765623,1.3735921405697349,1.7221928650665734,4.768688921094309
2024-08-12,215.91148376464844,1,214.46235526228747,217.87674748817912,213.9958510490632,215.91148376464844,38028100,217.42367095947264,213.43694854736327,0.7130066415896863,1.6768498291432892,3.8808964391159297
2024-08-13,219.6236572265625,1,217.380462936734,220.2390393048837,217.380462936734,219.6236572265625,44155300,216.7646858215332,214.01744293212892,1.719303390995397,1.7368851692109926,2.8585763681496985
2024-08-14,220.07029724121097,1,218.92885985517657,221.37054778476931,218.06532277692483,220.07029724121097,41960600,216.4224822998047,214.57157562255856,0.2033660764458211,1.6559079300985458,3.3052250078444843
2024-08-15,223.04798889160156,1,222.92888658909135,223.67330627029455,221.10256546081067,223.04798889160156,46414000,216.46214447021484,215.17891723632812,1.3530638562853747,1.6235880027264171,2.5707408094838797
2024-08-16,224.3680725097656,0,222.2539159800548,225.1422676891868,221.98592068094572,224.3680725097656,44340200,216.5613670349121,215.78252166748047,0.5918383863149579,1.628443973741547,3.1563470082410845
2024-08-19,224.2092437744141,1,224.04051049270504,224.30850577318623,221.3804434072076,224.2092437744141,40687800,216.66999740600585,216.41051086425784,-0.0707893656948899,1.6279678928386954,2.928062365978633
2024-08-20,224.82464599609375,0,224.0901616619868,225.47973889834265,223.7725353535306,224.82464599609375,30299000,216.7573486328125,217.00302185058592,0.2744767393706659,1.6259873050560578,1.707203544812046
2024-08-21,224.71546936035156,0,224.8345868015738,226.28371522001356,223.375523094966,224.71546936035156,34765500,217.15996398925785,217.66810150146483,-0.0485607951292377,1.473890843974316,2.908192125047549
2024-08-22,222.859375,1,226.09511339685903,226.64102413052152,222.2340576918725,222.859375,43695300,217.5218231201172,218.0178692626953,-0.8259753392300451,1.484190701544062,4.406966438649022
2024-08-23,225.15219116210935,1,223.98097823318813,226.52192810531065,222.66087229355688,225.15219116210935,38677300,217.97502593994145,218.2961099243164,1.0288174603870104,1.4964259473725832,3.861055811753772
2024-08-26,225.4896545410156,1,225.0727813784282,225.58891654674125,222.22414052811973,225.4896545410156,30602200,218.43122024536132,218.55790130615233,0.1498823427675599,1.496367354779884,3.3647760186215123
2024-08-27,226.3333282470703,0,224.31843379232603,227.14723425887112,223.21669220638535,226.3333282470703,35934600,218.90183944702147,218.87126556396484,0.3741518464658755,1.4967595988427096,3.9305420524857766
2024-08-28,224.80479431152344,1,226.22414704916855,228.14971479709,224.0008084384826,224.80479431152344,38052200,219.13344192504883,219.0711764526367,-0.6753463784521796,1.4780795011621437,4.148906358607405
2024-08-29,228.0802459716797,0,228.3879521456165,231.1869621230462,227.1770283167567,228.0802459716797,51906300,219.7132194519043,219.38378845214845,1.4570203763614176,1.44400034222573,4.009933806289496
2024-08-30,227.2961273193359,0,228.4772755570311,228.68570457235603,225.78743262658827,227.2961273193359,52990800,220.17943420410157,219.77212646484375,-0.3437906904226739,1.4467767900719282,2.8982719457677604
2024-09-03,221.1124725341797,0,226.84946493362216,227.29611365629745,219.52437135882835,221.1124725341797,50190600,220.86141815185547,220.0802145385742,-2.720527999347999,1.0961587123253764,7.771742297469103
2024-09-04,219.206787109375,1,220.01075793789536,220.12986023982225,215.86185105944423,219.206787109375,43840200,221.54924392700195,220.33730041503907,-0.8618624734116231,1.0893801769543845,4.268009180378016
2024-09-05,220.7253875732422,0,219.9809679444758,223.80231295165623,219.87178579311316,220.7253875732422,36615400,222.18461074829105,220.606318359375,0.69277073209848,1.0716073074921049,3.930527158543072
2024-09-06,219.1769866943359,1,222.28368749781316,223.56409767944487,218.13479623481732,219.1769866943359,48423000,222.5695564270019,220.76148620605468,-0.7015055657756952,1.0436405605486918,5.429301444627555
2024-09-09,219.26632690429688,0,219.17700018247805,219.6236489368284,215.09757995493325,219.26632690429688,67180000,222.81372680664063,220.9015869140625,0.0407616745299765,1.0055499511472388,4.5260689818951505
2024-09-10,218.47227478027344,1,217.29112653781655,219.83207646515768,215.1174187834135,218.47227478027344,51591000,222.94176635742187,221.09480865478517,-0.3621404778536785,1.0007661273707036,4.714657681744171
2024-09-11,221.0032958984375,1,219.81222755985956,221.43008920211523,216.26878297144032,221.0032958984375,44587100,223.01074829101563,221.21710357666015,1.158509069725033,0.9589203709291312,5.16130623067491
2024-09-12,221.1124725341797,0,220.8444772424724,221.88666769221828,218.18442519080247,221.1124725341797,37455600,223.06285705566407,221.2717868041992,0.0494004559064897,0.9581212496595316,3.7022425014158102
2024-09-13,220.84451293945312,0,221.916479134298,222.37304807296337,220.25890640517216,220.84451293945312,36766600,222.95268325805665,221.2957308959961,-0.1211870102375778,0.9061123025241278,2.114141667791216
2024-09-16,214.71047973632812,1,214.92882889414335,215.60377723416104,212.32832783334672,214.71047973632812,59357400,222.4698036193848,221.10201721191407,-2.777534801060111,1.0782188964371504,3.275449400814324
2024-09-17,215.1769561767578,1,214.1447010142284,215.2861383219032,212.90400170360135,215.1769561767578,45519300,222.01818923950196,220.8882867431641,0.2172583476142131,1.0821515725262196,2.382136618301842
2024-09-18,219.0479431152344,1,215.931307109631,221.05291740528648,215.92137182236397,219.0479431152344,59894900,221.72935409545897,220.73492401123048,1.798978388418493,1.1676306578290554,5.131545582922513
2024-09-19,227.16709899902344,0,223.31597824995185,228.11004268622213,222.95865620671253,227.16709899902344,66781300,221.85193557739257,220.65868286132812,3.706565680700225,1.4484644312952564,5.151386479509597
2024-09-20,226.5020751953125,0,228.2589097535001,231.3556905514529,225.92638886705737,226.5020751953125,318679900,222.0340705871582,220.6764123535156,-0.2927465318002697,1.4360711005629712,5.42930168439554
2024-09-23,224.78494262695312,1,225.64846451262724,227.742765583781,224.12984974700805,224.78494262695312,54146000,222.0157081604004,220.6009094238281,-0.7581089784182704,1.430220479453162,3.6129158367729417
2024-09-24,225.6782684326172,0,226.9487434922604,227.64354731931363,224.0504713158707,225.6782684326172,43556100,222.02513885498047,220.46673583984375,0.3974135434625658,1.432640823273403,3.593076003442917
2024-09-25,224.6857147216797,1,223.256426455888,225.59886774810047,222.35320871856095,224.6857147216797,42308700,221.94275817871093,220.3043829345703,-0.4398091663105119,1.4334295510223725,3.2456590295395245
2024-09-26,225.8271484375,1,225.608784129346,226.79985253593196,223.73284722402752,225.8271484375,36636700,221.99387588500977,220.2826385498047,0.5080134788427504,1.4296681122938548,3.0670053119044383
2024-09-27,226.0951232910156,1,226.7601514881057,227.81226214161185,225.6087788258606,226.0951232910156,34026000,221.89461975097657,220.35944610595703,0.1186637015831326,1.3902543451466909,2.2034833157512423
2024-09-30,231.266357421875,0,228.3283747151782,231.266357421875,227.9412771261621,231.266357421875,54541900,222.0931312561035,220.53710083007812,2.2871940162120685,1.480968126655702,3.325080295712894
2024-10-01,224.5269012451172,1,227.81227091446172,227.94129335648356,222.0752779583648,224.5269012451172,63285000,222.2638526916504,220.5869061279297,-2.9141532957444927,1.5008554211883065,5.866015398118748
2024-10-02,225.09263610839844,0,224.20925878310885,225.67824256269316,221.360617941662,225.09263610839844,32880600,222.55814514160156,220.62720642089843,0.2519675193235038,1.4843551583730443,4.317624621031143
2024-10-03,223.99090576171875,1,223.4648504260935,225.1224230122484,221.65839996957536,223.99090576171875,34044200,222.7214210510254,220.77376129150392,-0.4894564148020919,1.484849831790416,3.464023042673034
2024-10-04,225.1125030517578,0,226.20430944090455,226.30357145139808,222.46237094034984,225.1125030517578,37245100,223.0181968688965,220.9635675048828,0.5007334053250379,1.4756873624002955,3.8412005110482426
2024-10-07,220.04051208496097,1,222.8296017820206,224.0107499786272,219.68319006872073,220.04051208496097,39505400,223.0569061279297,221.0426150512695,-2.2530916310902094,1.570246152794835,4.327559909906455
2024-10-08,224.0901641845703,1,222.63110049734397,224.298593199742,221.58890998571715,224.0901641845703,31855700,223.33780059814453,221.1971029663086,1.840412050143625,1.6178612033007802,2.7096832140248353
2024-10-09,227.83209228515625,0,223.55416342639623,228.0405364361267,223.15714569962591,227.83209228515625,33591100,223.6792404174805,221.4153259277344,1.6698314779687973,1.6387179684762176,4.883390736500786
2024-10-10,227.33580017089844,0,226.0851807689644,227.7923841625437,225.47971892420364,227.33580017089844,28183500,223.9904067993164,221.5585870361328,-0.2178323998520137,1.6407984408251326,2.3126652383400597
2024-10-11,225.85691833496097,1,227.5938974682738,227.70307961960657,225.6484741750507,225.85691833496097,31759200,224.2410270690918,221.74603149414065,-0.6505274729390331,1.6496764505476949,2.0546054445558752
2024-10-14,229.5790100097656,1,226.9983493120185,230.0058033150611,226.89910245149323,229.5790100097656,39882100,224.98445358276368,221.97817504882812,1.6479865670019134,1.5324741683004357,3.106700863567852
2024-10-15,232.1100311279297,0,231.87181141001133,235.72294688412148,230.64103225198252,232.1100311279297,64751400,225.83110733032223,222.47091979980468,1.102461901049412,1.5413036659945565,5.081914632138961
2024-10-16,230.055419921875,1,229.87676649695567,230.3928864880035,228.1298522341637,230.055419921875,34082200,226.3814811706543,222.96302276611328,-0.8851884582800618,1.5290392868257845,2.2630342538398054
2024-10-17,230.4226837158203,1,231.69315867439417,232.11004699556463,228.8048220166126,230.4226837158203,32993800,226.54426040649415,223.4111154174805,0.1596414438181925,1.2957170980465174,3.305224978952026
2024-10-18,233.25149536132812,1,234.4227083661851,234.4227083661851,232.2688559498539,233.25149536132812,46431500,226.88173141479493,223.8465838623047,1.2276619644776776,1.3171720550256236,2.1538524163312047
2024-10-21,234.720458984375,0,232.7055644739604,235.0877162866724,232.7055644739604,234.720458984375,36254500,227.378507232666,224.2533346557617,0.6297767226620898,1.3030067775898722,2.3821518127119816
2024-10-22,234.1050720214844,0,232.1497286972171,234.46239402859047,230.8693336731526,234.1050720214844,38846600,227.7998474121094,224.61720642089844,-0.2621786637404089,1.3067440973314497,3.5930603554378706
2024-10-23,229.0430145263672,0,232.33831918874512,233.3904297884605,226.06533615950997,229.0430145263672,52287000,228.01771240234376,224.80559356689457,-2.162301504792963,1.4037143721928869,7.325093628950526
2024-10-24,228.85446166992188,1,228.26884002769643,229.10260155629064,226.710529416834,228.85446166992188,31109500,228.16907806396483,224.98127685546876,-0.0823220288272974,1.4010086439059457,2.392072139456644
2024-10-25,229.68820190429688,1,228.03062932515897,231.484732210271,227.86189602437616,229.68820190429688,38802300,228.3487319946289,225.11408111572263,0.3643102381711616,1.4024786777668636,3.62283618589484
2024-10-28,231.6633758544922,1,231.5839844241638,232.98348177622344,230.81970938626552,231.6633758544922,36087100,228.36858291625975,225.2599871826172,0.8599370511064741,1.3184972455557684,2.163772389957927
2024-10-29,231.9313812255859,0,231.36563017470797,232.5864741436605,230.59143496071303,231.9313812255859,35417200,228.7388069152832,225.41442993164063,0.1156874150284537,1.1236700673867446,1.9950391829474656
2024-10-30,228.3879547119141,0,230.8792736886572,231.73287549326048,227.8420439394486,228.3879547119141,47070900,228.903572845459,225.48569610595703,-1.5277908901104365,1.1854750244499483,3.8908315538118927
2024-10-31,224.2291259765625,0,227.63359787833264,228.11995749798112,223.69313535160188,224.2291259765625,64370100,228.9154838562012,225.47596923828124,-1.820949244279313,1.2544808619218255,4.426822146379237
2024-11-01,221.25143432617188,0,219.32586653780092,223.67328184782377,218.6310779402587,221.25143432617188,65276700,228.72243041992184,225.4438104248047,-1.3279682723741582,1.2833579034080278,5.042203907565067
2024-11-04,220.35812377929688,1,219.34572401852256,221.13231895883283,218.0752491010658,220.35812377929688,44944500,228.73831100463863,225.34792907714845,-0.4037535619127674,1.1809793691894577,3.0570698577670328
2024-11-05,221.78741455078125,0,220.14969745378525,222.2836942947505,219.49460455688452,221.78741455078125,28111300,228.62317352294923,225.27388427734377,0.6486217739428035,1.1120182842184236,2.7890897378659645
2024-11-06,221.0628662109375,1,220.9536840536279,224.3879467919736,219.54425129715867,221.0628662109375,54561100,228.2847122192383,225.1684750366211,-0.3266859579526993,1.036987806632742,4.843695494814938
2024-11-07,225.7874298095703,0,222.95864433437472,226.1844626949483,222.899093187882,225.7874298095703,42137700,228.20729370117184,225.18812774658204,2.1372036288196172,1.1553094256905776,3.2853695070663207
2024-11-08,225.51914978027344,0,225.72780810336752,227.20835428792032,224.9726384261151,225.51914978027344,38328800,228.1904052734375,225.1369058227539,-0.1188197365651122,1.1463084228970783,2.235715861805204
2024-11-11,222.80645751953125,0,223.5715733715174,224.26712634517855,220.0937933412938,222.80645751953125,42005600,227.85177764892575,225.04711242675785,-1.2028655940682698,1.1070126247548844,4.17333300388475
2024-11-12,222.80645751953125,1,223.1244332571579,224.15782408060912,221.94198562097503,222.80645751953125,40398300,227.3865989685059,225.08099212646485,0.0,1.0684679982009218,2.215838459634085
2024-11-13,223.69081115722656,1,222.5878574334345,225.21109667354563,221.3457931121334,223.69081115722656,48566200,227.06836853027343,225.17067260742184,0.3969156224378212,1.0635755527475383,3.865303561412219
2024-11-14,226.7711639404297,0,223.59148192887395,227.41703140021204,223.57160465201176,226.7711639404297,44923900,226.88579254150392,225.2915881347656,1.377058256111385,1.1149124570595483,3.845426748200282
2024-11-15,223.5716094970703,1,224.96271566917292,225.47941874534823,222.84624807603967,223.5716094970703,47923700,226.40179824829104,225.37948059082032,-1.4109176791983424,1.108884964914528,2.633170669308555
2024-11-18,226.5724334716797,1,223.82001439888424,228.28151537171908,223.7405204544731,226.5724334716797,44633700,225.99439697265623,225.52560272216795,1.3422204998925436,1.1478989023809996,4.540994917245968
2024-11-19,226.83074951171875,1,225.53899960732684,228.69881907074455,225.221039030722,226.83074951171875,36211800,225.630680847168,225.69277221679687,0.1140103569004402,1.1493940732215169,3.477780040022538
2024-11-20,227.54620361328125,0,226.61216873586113,228.4702922716314,224.45594670445817,227.54620361328125,35169600,225.55584030151368,225.82363037109377,0.3154131893945644,1.0505228186141813,4.014345567173223
2024-11-21,227.0692443847656,1,227.42695953023323,228.69883223369175,224.2770861035494,227.0692443847656,42108300,225.46657943725583,225.94276580810543,-0.2096098378886801,1.0512575236451682,4.421746130142338
2024-11-22,228.41067504882812,1,226.61216818417896,229.25528492407807,226.61216818417896,228.41067504882812,38168300,225.40270309448243,226.09408905029295,0.5907584127903709,1.0569760154798855,2.6431167398991136
2024-11-25,231.39163208007812,1,229.99059491471,231.76922452168117,228.2815130321861,231.39163208007812,90152800,225.3891159057617,226.42771209716796,1.3050865641952791,1.0809527715406688,3.48771148949507
2024-11-26,233.56771850585935,0,231.84870566104107,234.07449047305911,231.84870566104107,233.56771850585935,45986200,225.4709327697754,226.79552734375,0.940434364985232,1.101154141833249,2.2257848120180483
2024-11-27,233.43853759765625,1,232.9814664022851,234.1937224347506,232.32565277909848,233.43853759765625,33498400,225.7234619140625,227.08333923339845,-0.0553076893628379,1.0381732342248853,1.8680696556521357
2024-11-29,235.82330322265625,1,233.3192972938568,236.3002516789311,232.4846337048963,235.82330322265625,28481400,226.3031707763672,227.2564633178711,1.021581804590577,0.9500931778316412,3.815617974034779
2024-12-02,238.0689697265625,1,235.7637060292764,239.26134854667043,235.65440375298792,238.0689697265625,48137100,227.14404754638673,227.48780120849608,0.9522665797730534,0.8844764113576497,3.606944793682515
2024-12-03,241.10951232910156,1,238.2875459195851,241.2188145923816,237.38331948353385,241.10951232910156,38861000,228.18161697387697,227.81429260253907,1.2771687994581171,0.8868741581859088,3.835495108847738
2024-12-04,241.46722412109375,1,241.32811352991968,242.560246738831,239.71840309463144,241.46722412109375,44383900,229.16560745239255,228.1300717163086,0.1483607131617104,0.8881714333790931,2.841843644199571
2024-12-05,241.49705505371097,0,242.4410361127995,242.98753231090083,240.59284370740727,241.49705505371097,40033900,230.18731689453125,228.4662985229492,0.0123540297138902,0.8761285266874141,2.394688603493563
2024-12-06,241.29830932617188,1,241.36787220390693,243.07695387436263,240.5431396985891,241.29830932617188,36870600,230.96286087036137,228.77572174072264,-0.082297371077622,0.7867319658923361,2.5338141757735286
2024-12-09,245.1835021972656,1,240.29473874492055,245.67039687977777,240.21524480725012,245.1835021972656,44649200,231.94607849121093,229.15748931884767,1.6101202208764542,0.8280645221573347,5.455152072527653
2024-12-10,246.1970367431641,0,245.32261857013248,246.63424582967983,243.7824557106041,246.1970367431641,36914800,233.11560745239257,229.45610290527344,0.4133779543955773,0.7347378879902601,2.85179011907573
2024-12-11,244.92515563964844,1,246.38582450957213,249.2077910379196,244.69660488558225,244.92515563964844,45205800,234.22154235839844,229.86406799316407,-0.5166110528139645,0.7619281958414191,4.511186152337359
2024-12-12,246.3858337402344,1,245.32261935264157,247.1608807008323,244.12029436088807,246.3858337402344,32777500,235.35629348754884,230.2899319458008,0.5963773287277263,0.762128514537939,3.040586339944241
2024-12-13,246.5547332763672,1,246.24670376010008,247.7073574078961,244.6767326870094,246.5547332763672,33155300,236.3454719543457,230.74120849609375,0.0685508308529092,0.7374738347670327,3.030624720886692
2024-12-16,249.44625854492188,1,246.41563368868003,249.78411156803347,246.07778066556844,249.44625854492188,51694800,237.6392044067383,231.22788360595703,1.1727721589970486,0.615822329492413,3.7063309024650266
2024-12-17,251.8707733154297,0,248.49236434269267,252.2185573987637,248.19426586582333,251.8707733154297,51356400,238.90412139892575,231.8644888305664,0.9719587636433548,0.5960270814686752,4.024291532940367
2024-12-18,246.4752655029297,1,250.55917390522964,252.6657103008961,246.1672359539693,246.4752655029297,56774100,239.88634719848633,232.3121908569336,-2.1421730443265674,0.8420905023359153,6.498474346926798
2024-12-19,248.2041778564453,1,245.92872280957204,250.4001541333824,245.5213220945425,248.2041778564453,60882300,240.91924591064452,232.71963256835937,0.701454707833582,0.8440005725670799,4.8788320388398745
2024-12-20,252.8743896484375,1,246.4653249902114,253.3811464831127,244.13025293349912,252.8743896484375,147495300,242.20950317382812,233.23040435791015,1.8816007983126328,0.8878374836897366,9.25089354961358
2024-12-23,253.6494140625,1,253.15258832932108,254.02699130961165,251.84096111600803,253.6494140625,40858800,243.47144012451173,233.78625427246095,0.3064859257357,0.889313536989017,2.1860301936036137
2024-12-24,256.5608215332031,1,253.868019379837,256.5707374276886,253.66927695641888,256.5608215332031,23234700,244.72989959716796,234.3258905029297,1.1478076862364572,0.8827625468514131,2.9014604712697007
2024-12-26,257.3756103515625,0,256.5508929178466,258.44877099351584,255.99445048269988,257.3756103515625,27237100,245.92029418945313,234.83120208740235,0.3175811542425633,0.8781731238303252,2.454320510815961
2024-12-27,253.96739196777344,0,256.19316170058187,257.05766400729357,251.4534547993944,253.96739196777344,42355300,246.94673690795895,235.30944152832032,-1.3242196411437757,0.9615375160549536,5.604209207899174
